"fecha","hora","reg_validos","reg_preliminares","fecha_mes","anio","mes_num","dia","mes","estacion"
"220407","0",107,NA,2022-04-07,"2022","04","07","Abr","Otoño"
"220408","0",96,NA,2022-04-08,"2022","04","08","Abr","Otoño"
"220409","0",40,NA,2022-04-09,"2022","04","09","Abr","Otoño"
"220410","0",29,NA,2022-04-10,"2022","04","10","Abr","Otoño"
"220411","0",52,NA,2022-04-11,"2022","04","11","Abr","Otoño"
"220412","0",87,NA,2022-04-12,"2022","04","12","Abr","Otoño"
"220413","0",118,NA,2022-04-13,"2022","04","13","Abr","Otoño"
"220414","0",114,NA,2022-04-14,"2022","04","14","Abr","Otoño"
"220415","0",39,NA,2022-04-15,"2022","04","15","Abr","Otoño"
"220416","0",69,NA,2022-04-16,"2022","04","16","Abr","Otoño"
"220417","0",78,NA,2022-04-17,"2022","04","17","Abr","Otoño"
"220418","0",88,NA,2022-04-18,"2022","04","18","Abr","Otoño"
"220419","0",98,NA,2022-04-19,"2022","04","19","Abr","Otoño"
"220420","0",72,NA,2022-04-20,"2022","04","20","Abr","Otoño"
"220421","0",100,NA,2022-04-21,"2022","04","21","Abr","Otoño"
"220422","0",66,NA,2022-04-22,"2022","04","22","Abr","Otoño"
"220423","0",65,NA,2022-04-23,"2022","04","23","Abr","Otoño"
"220424","0",38,NA,2022-04-24,"2022","04","24","Abr","Otoño"
"220425","0",38,NA,2022-04-25,"2022","04","25","Abr","Otoño"
"220426","0",15,NA,2022-04-26,"2022","04","26","Abr","Otoño"
"220427","0",47,NA,2022-04-27,"2022","04","27","Abr","Otoño"
"220428","0",108,NA,2022-04-28,"2022","04","28","Abr","Otoño"
"220429","0",108,NA,2022-04-29,"2022","04","29","Abr","Otoño"
"220430","0",86,NA,2022-04-30,"2022","04","30","Abr","Otoño"
"220501","0",79,NA,2022-05-01,"2022","05","01","May","Otoño"
"220502","0",72,NA,2022-05-02,"2022","05","02","May","Otoño"
"220503","0",113,NA,2022-05-03,"2022","05","03","May","Otoño"
"220504","0",99,NA,2022-05-04,"2022","05","04","May","Otoño"
"220505","0",58,NA,2022-05-05,"2022","05","05","May","Otoño"
"220506","0",95,NA,2022-05-06,"2022","05","06","May","Otoño"
"220507","0",92,NA,2022-05-07,"2022","05","07","May","Otoño"
"220508","0",35,NA,2022-05-08,"2022","05","08","May","Otoño"
"220509","0",85,NA,2022-05-09,"2022","05","09","May","Otoño"
"220510","0",137,NA,2022-05-10,"2022","05","10","May","Otoño"
"220511","0",130,NA,2022-05-11,"2022","05","11","May","Otoño"
"220512","0",112,NA,2022-05-12,"2022","05","12","May","Otoño"
"220513","0",112,NA,2022-05-13,"2022","05","13","May","Otoño"
"220514","0",130,NA,2022-05-14,"2022","05","14","May","Otoño"
"220515","0",114,NA,2022-05-15,"2022","05","15","May","Otoño"
"220516","0",127,NA,2022-05-16,"2022","05","16","May","Otoño"
"220517","0",149,NA,2022-05-17,"2022","05","17","May","Otoño"
"220518","0",149,NA,2022-05-18,"2022","05","18","May","Otoño"
"220519","0",90,NA,2022-05-19,"2022","05","19","May","Otoño"
"220520","0",90,NA,2022-05-20,"2022","05","20","May","Otoño"
"220521","0",82,NA,2022-05-21,"2022","05","21","May","Otoño"
"220522","0",86,NA,2022-05-22,"2022","05","22","May","Otoño"
"220523","0",84,NA,2022-05-23,"2022","05","23","May","Otoño"
"220524","0",95,NA,2022-05-24,"2022","05","24","May","Otoño"
"220525","0",110,NA,2022-05-25,"2022","05","25","May","Otoño"
"220526","0",100,NA,2022-05-26,"2022","05","26","May","Otoño"
"220527","0",156,NA,2022-05-27,"2022","05","27","May","Otoño"
"220528","0",175,NA,2022-05-28,"2022","05","28","May","Otoño"
"220529","0",92,NA,2022-05-29,"2022","05","29","May","Otoño"
"220530","0",116,NA,2022-05-30,"2022","05","30","May","Otoño"
"220531","0",118,NA,2022-05-31,"2022","05","31","May","Otoño"
"220601","0",95,NA,2022-06-01,"2022","06","01","Jun","Invierno"
"220602","0",71,NA,2022-06-02,"2022","06","02","Jun","Invierno"
"220603","0",79,NA,2022-06-03,"2022","06","03","Jun","Invierno"
"220604","0",30,NA,2022-06-04,"2022","06","04","Jun","Invierno"
"220605","0",36,NA,2022-06-05,"2022","06","05","Jun","Invierno"
"220606","0",94,NA,2022-06-06,"2022","06","06","Jun","Invierno"
"220607","0",113,NA,2022-06-07,"2022","06","07","Jun","Invierno"
"220608","0",90,NA,2022-06-08,"2022","06","08","Jun","Invierno"
"220609","0",102,NA,2022-06-09,"2022","06","09","Jun","Invierno"
"220610","0",173,NA,2022-06-10,"2022","06","10","Jun","Invierno"
"220611","0",111,NA,2022-06-11,"2022","06","11","Jun","Invierno"
"220612","0",93,NA,2022-06-12,"2022","06","12","Jun","Invierno"
"220613","0",77,NA,2022-06-13,"2022","06","13","Jun","Invierno"
"220614","0",80,NA,2022-06-14,"2022","06","14","Jun","Invierno"
"220615","0",108,NA,2022-06-15,"2022","06","15","Jun","Invierno"
"220616","0",86,NA,2022-06-16,"2022","06","16","Jun","Invierno"
"220617","0",103,NA,2022-06-17,"2022","06","17","Jun","Invierno"
"220618","0",155,NA,2022-06-18,"2022","06","18","Jun","Invierno"
"220619","0",171,NA,2022-06-19,"2022","06","19","Jun","Invierno"
"220620","0",134,NA,2022-06-20,"2022","06","20","Jun","Invierno"
"220621","0",82,NA,2022-06-21,"2022","06","21","Jun","Invierno"
"220622","0",93,NA,2022-06-22,"2022","06","22","Jun","Invierno"
"220623","0",40,NA,2022-06-23,"2022","06","23","Jun","Invierno"
"220624","0",126,NA,2022-06-24,"2022","06","24","Jun","Invierno"
"220625","0",139,NA,2022-06-25,"2022","06","25","Jun","Invierno"
"220626","0",119,NA,2022-06-26,"2022","06","26","Jun","Invierno"
"220627","0",57,NA,2022-06-27,"2022","06","27","Jun","Invierno"
"220628","0",94,NA,2022-06-28,"2022","06","28","Jun","Invierno"
"220629","0",111,NA,2022-06-29,"2022","06","29","Jun","Invierno"
"220630","0",87,NA,2022-06-30,"2022","06","30","Jun","Invierno"
"220701","0",27,NA,2022-07-01,"2022","07","01","Jul","Invierno"
"220702","0",70,NA,2022-07-02,"2022","07","02","Jul","Invierno"
"220703","0",146,NA,2022-07-03,"2022","07","03","Jul","Invierno"
"220704","0",149,NA,2022-07-04,"2022","07","04","Jul","Invierno"
"220705","0",108,NA,2022-07-05,"2022","07","05","Jul","Invierno"
"220706","0",76,NA,2022-07-06,"2022","07","06","Jul","Invierno"
"220707","0",120,NA,2022-07-07,"2022","07","07","Jul","Invierno"
"220708","0",84,NA,2022-07-08,"2022","07","08","Jul","Invierno"
"220709","0",29,NA,2022-07-09,"2022","07","09","Jul","Invierno"
"220710","0",11,NA,2022-07-10,"2022","07","10","Jul","Invierno"
"220711","0",45,NA,2022-07-11,"2022","07","11","Jul","Invierno"
"220712","0",85,NA,2022-07-12,"2022","07","12","Jul","Invierno"
"220713","0",99,NA,2022-07-13,"2022","07","13","Jul","Invierno"
"220714","0",21,NA,2022-07-14,"2022","07","14","Jul","Invierno"
"220715","0",38,NA,2022-07-15,"2022","07","15","Jul","Invierno"
"220716","0",59,NA,2022-07-16,"2022","07","16","Jul","Invierno"
"220717","0",98,NA,2022-07-17,"2022","07","17","Jul","Invierno"
"220718","0",134,NA,2022-07-18,"2022","07","18","Jul","Invierno"
"220719","0",137,NA,2022-07-19,"2022","07","19","Jul","Invierno"
"220720","0",114,NA,2022-07-20,"2022","07","20","Jul","Invierno"
"220721","0",130,NA,2022-07-21,"2022","07","21","Jul","Invierno"
"220722","0",125,NA,2022-07-22,"2022","07","22","Jul","Invierno"
"220723","0",110,NA,2022-07-23,"2022","07","23","Jul","Invierno"
"220724","0",61,NA,2022-07-24,"2022","07","24","Jul","Invierno"
"220725","0",48,NA,2022-07-25,"2022","07","25","Jul","Invierno"
"220726","0",66,NA,2022-07-26,"2022","07","26","Jul","Invierno"
"220727","0",52,NA,2022-07-27,"2022","07","27","Jul","Invierno"
"220728","0",87,NA,2022-07-28,"2022","07","28","Jul","Invierno"
"220729","0",101,NA,2022-07-29,"2022","07","29","Jul","Invierno"
"220730","0",62,NA,2022-07-30,"2022","07","30","Jul","Invierno"
"220731","0",77,NA,2022-07-31,"2022","07","31","Jul","Invierno"
"220801","0",83,NA,2022-08-01,"2022","08","01","Ago","Invierno"
"220802","0",99,NA,2022-08-02,"2022","08","02","Ago","Invierno"
"220803","0",89,NA,2022-08-03,"2022","08","03","Ago","Invierno"
"220804","0",90,NA,2022-08-04,"2022","08","04","Ago","Invierno"
"220805","0",93,NA,2022-08-05,"2022","08","05","Ago","Invierno"
"220806","0",36,NA,2022-08-06,"2022","08","06","Ago","Invierno"
"220807","0",18,NA,2022-08-07,"2022","08","07","Ago","Invierno"
"220808","0",75,NA,2022-08-08,"2022","08","08","Ago","Invierno"
"220809","0",135,NA,2022-08-09,"2022","08","09","Ago","Invierno"
"220810","0",103,NA,2022-08-10,"2022","08","10","Ago","Invierno"
"220811","0",77,NA,2022-08-11,"2022","08","11","Ago","Invierno"
"220812","0",47,NA,2022-08-12,"2022","08","12","Ago","Invierno"
"220813","0",87,NA,2022-08-13,"2022","08","13","Ago","Invierno"
"220814","0",53,NA,2022-08-14,"2022","08","14","Ago","Invierno"
"220815","0",12,NA,2022-08-15,"2022","08","15","Ago","Invierno"
"220816","0",67,NA,2022-08-16,"2022","08","16","Ago","Invierno"
"220817","0",31,NA,2022-08-17,"2022","08","17","Ago","Invierno"
"220818","0",88,NA,2022-08-18,"2022","08","18","Ago","Invierno"
"220819","0",128,NA,2022-08-19,"2022","08","19","Ago","Invierno"
"220820","0",114,NA,2022-08-20,"2022","08","20","Ago","Invierno"
"220821","0",85,NA,2022-08-21,"2022","08","21","Ago","Invierno"
"220822","0",47,NA,2022-08-22,"2022","08","22","Ago","Invierno"
"220823","0",81,NA,2022-08-23,"2022","08","23","Ago","Invierno"
"220824","0",111,NA,2022-08-24,"2022","08","24","Ago","Invierno"
"220825","0",120,NA,2022-08-25,"2022","08","25","Ago","Invierno"
"220826","0",109,NA,2022-08-26,"2022","08","26","Ago","Invierno"
"220827","0",69,NA,2022-08-27,"2022","08","27","Ago","Invierno"
"220828","0",97,NA,2022-08-28,"2022","08","28","Ago","Invierno"
"220829","0",82,NA,2022-08-29,"2022","08","29","Ago","Invierno"
"220830","0",39,NA,2022-08-30,"2022","08","30","Ago","Invierno"
"220831","0",44,NA,2022-08-31,"2022","08","31","Ago","Invierno"
"220901","0",57,NA,2022-09-01,"2022","09","01","Sep","Primavera"
"220902","0",114,NA,2022-09-02,"2022","09","02","Sep","Primavera"
"220903","0",108,NA,2022-09-03,"2022","09","03","Sep","Primavera"
"220904","0",106,NA,2022-09-04,"2022","09","04","Sep","Primavera"
"220905","0",100,NA,2022-09-05,"2022","09","05","Sep","Primavera"
"220906","0",109,NA,2022-09-06,"2022","09","06","Sep","Primavera"
"220907","0",25,NA,2022-09-07,"2022","09","07","Sep","Primavera"
"220908","0",26,NA,2022-09-08,"2022","09","08","Sep","Primavera"
"220909","0",88,NA,2022-09-09,"2022","09","09","Sep","Primavera"
"220910","0",81,NA,2022-09-10,"2022","09","10","Sep","Primavera"
"220911","0",18,NA,2022-09-11,"2022","09","11","Sep","Primavera"
"220912","0",61,NA,2022-09-12,"2022","09","12","Sep","Primavera"
"220913","0",40,NA,2022-09-13,"2022","09","13","Sep","Primavera"
"220914","0",85,NA,2022-09-14,"2022","09","14","Sep","Primavera"
"220915","0",84,NA,2022-09-15,"2022","09","15","Sep","Primavera"
"220916","0",30,NA,2022-09-16,"2022","09","16","Sep","Primavera"
"220917","0",25,NA,2022-09-17,"2022","09","17","Sep","Primavera"
"220918","0",12,NA,2022-09-18,"2022","09","18","Sep","Primavera"
"220919","0",25,NA,2022-09-19,"2022","09","19","Sep","Primavera"
"220920","0",30,NA,2022-09-20,"2022","09","20","Sep","Primavera"
"220921","0",38,NA,2022-09-21,"2022","09","21","Sep","Primavera"
"220922","0",68,NA,2022-09-22,"2022","09","22","Sep","Primavera"
"220923","0",69,NA,2022-09-23,"2022","09","23","Sep","Primavera"
"220924","0",23,NA,2022-09-24,"2022","09","24","Sep","Primavera"
"220925","0",22,NA,2022-09-25,"2022","09","25","Sep","Primavera"
"220926","0",42,NA,2022-09-26,"2022","09","26","Sep","Primavera"
"220927","0",53,NA,2022-09-27,"2022","09","27","Sep","Primavera"
"220928","0",59,NA,2022-09-28,"2022","09","28","Sep","Primavera"
"220929","0",62,NA,2022-09-29,"2022","09","29","Sep","Primavera"
"220930","0",74,NA,2022-09-30,"2022","09","30","Sep","Primavera"
"221001","0",70,NA,2022-10-01,"2022","10","01","Oct","Primavera"
"221002","0",48,NA,2022-10-02,"2022","10","02","Oct","Primavera"
"221003","0",29,NA,2022-10-03,"2022","10","03","Oct","Primavera"
"221004","0",42,NA,2022-10-04,"2022","10","04","Oct","Primavera"
"221005","0",38,NA,2022-10-05,"2022","10","05","Oct","Primavera"
"221006","0",56,NA,2022-10-06,"2022","10","06","Oct","Primavera"
"221007","0",67,NA,2022-10-07,"2022","10","07","Oct","Primavera"
"221008","0",27,NA,2022-10-08,"2022","10","08","Oct","Primavera"
"221009","0",37,NA,2022-10-09,"2022","10","09","Oct","Primavera"
"221010","0",40,NA,2022-10-10,"2022","10","10","Oct","Primavera"
"221011","0",73,NA,2022-10-11,"2022","10","11","Oct","Primavera"
"221012","0",64,NA,2022-10-12,"2022","10","12","Oct","Primavera"
"221013","0",67,NA,2022-10-13,"2022","10","13","Oct","Primavera"
"221014","0",71,NA,2022-10-14,"2022","10","14","Oct","Primavera"
"221015","0",78,NA,2022-10-15,"2022","10","15","Oct","Primavera"
"221016","0",47,NA,2022-10-16,"2022","10","16","Oct","Primavera"
"221017","0",46,NA,2022-10-17,"2022","10","17","Oct","Primavera"
"221018","0",35,NA,2022-10-18,"2022","10","18","Oct","Primavera"
"221019","0",38,NA,2022-10-19,"2022","10","19","Oct","Primavera"
"221020","0",52,NA,2022-10-20,"2022","10","20","Oct","Primavera"
"221021","0",58,NA,2022-10-21,"2022","10","21","Oct","Primavera"
"221022","0",55,NA,2022-10-22,"2022","10","22","Oct","Primavera"
"221023","0",39,NA,2022-10-23,"2022","10","23","Oct","Primavera"
"221024","0",57,NA,2022-10-24,"2022","10","24","Oct","Primavera"
"221025","0",52,NA,2022-10-25,"2022","10","25","Oct","Primavera"
"221026","0",41,NA,2022-10-26,"2022","10","26","Oct","Primavera"
"221027","0",61,NA,2022-10-27,"2022","10","27","Oct","Primavera"
"221028","0",61,NA,2022-10-28,"2022","10","28","Oct","Primavera"
"221029","0",48,NA,2022-10-29,"2022","10","29","Oct","Primavera"
"221030","0",32,NA,2022-10-30,"2022","10","30","Oct","Primavera"
"221031","0",66,NA,2022-10-31,"2022","10","31","Oct","Primavera"
"221103","0",67,NA,2022-11-03,"2022","11","03","Nov","Primavera"
"221104","0",66,NA,2022-11-04,"2022","11","04","Nov","Primavera"
"221105","0",44,NA,2022-11-05,"2022","11","05","Nov","Primavera"
"221106","0",39,NA,2022-11-06,"2022","11","06","Nov","Primavera"
"221107","0",62,NA,2022-11-07,"2022","11","07","Nov","Primavera"
"221108","0",56,NA,2022-11-08,"2022","11","08","Nov","Primavera"
"221109","0",27,NA,2022-11-09,"2022","11","09","Nov","Primavera"
"221110","0",41,NA,2022-11-10,"2022","11","10","Nov","Primavera"
"221111","0",30,NA,2022-11-11,"2022","11","11","Nov","Primavera"
"221112","0",27,NA,2022-11-12,"2022","11","12","Nov","Primavera"
"221113","0",25,NA,2022-11-13,"2022","11","13","Nov","Primavera"
"221114","0",49,NA,2022-11-14,"2022","11","14","Nov","Primavera"
"221115","0",53,NA,2022-11-15,"2022","11","15","Nov","Primavera"
"221116","0",50,NA,2022-11-16,"2022","11","16","Nov","Primavera"
"221117","0",59,NA,2022-11-17,"2022","11","17","Nov","Primavera"
"221118","0",55,NA,2022-11-18,"2022","11","18","Nov","Primavera"
"221119","0",38,NA,2022-11-19,"2022","11","19","Nov","Primavera"
"221120","0",34,NA,2022-11-20,"2022","11","20","Nov","Primavera"
"221121","0",50,NA,2022-11-21,"2022","11","21","Nov","Primavera"
"221122","0",67,NA,2022-11-22,"2022","11","22","Nov","Primavera"
"221123","0",74,NA,2022-11-23,"2022","11","23","Nov","Primavera"
"221124","0",69,NA,2022-11-24,"2022","11","24","Nov","Primavera"
"221125","0",74,NA,2022-11-25,"2022","11","25","Nov","Primavera"
"221126","0",55,NA,2022-11-26,"2022","11","26","Nov","Primavera"
"221127","0",34,NA,2022-11-27,"2022","11","27","Nov","Primavera"
"221128","0",55,NA,2022-11-28,"2022","11","28","Nov","Primavera"
"221129","0",44,NA,2022-11-29,"2022","11","29","Nov","Primavera"
"221130","0",37,NA,2022-11-30,"2022","11","30","Nov","Primavera"
"221201","0",51,NA,2022-12-01,"2022","12","01","Dic","Verano"
"221202","0",64,NA,2022-12-02,"2022","12","02","Dic","Verano"
"221203","0",49,NA,2022-12-03,"2022","12","03","Dic","Verano"
"221204","0",36,NA,2022-12-04,"2022","12","04","Dic","Verano"
"221205","0",64,NA,2022-12-05,"2022","12","05","Dic","Verano"
"221206","0",66,NA,2022-12-06,"2022","12","06","Dic","Verano"
"221207","0",64,NA,2022-12-07,"2022","12","07","Dic","Verano"
"221208","0",40,NA,2022-12-08,"2022","12","08","Dic","Verano"
"221209","0",40,NA,2022-12-09,"2022","12","09","Dic","Verano"
"221210","0",43,NA,2022-12-10,"2022","12","10","Dic","Verano"
"221211","0",57,NA,2022-12-11,"2022","12","11","Dic","Verano"
"221212","0",65,NA,2022-12-12,"2022","12","12","Dic","Verano"
"221213","0",72,NA,2022-12-13,"2022","12","13","Dic","Verano"
"221214","0",70,NA,2022-12-14,"2022","12","14","Dic","Verano"
"221215","0",93,NA,2022-12-15,"2022","12","15","Dic","Verano"
"221216","0",168,NA,2022-12-16,"2022","12","16","Dic","Verano"
"221217","0",51,NA,2022-12-17,"2022","12","17","Dic","Verano"
"221218","0",44,NA,2022-12-18,"2022","12","18","Dic","Verano"
"221219","0",60,NA,2022-12-19,"2022","12","19","Dic","Verano"
"221220","0",54,NA,2022-12-20,"2022","12","20","Dic","Verano"
"221221","0",60,NA,2022-12-21,"2022","12","21","Dic","Verano"
"221222","0",45,NA,2022-12-22,"2022","12","22","Dic","Verano"
"221223","0",53,NA,2022-12-23,"2022","12","23","Dic","Verano"
"221224","0",52,NA,2022-12-24,"2022","12","24","Dic","Verano"
"221225","0",40,NA,2022-12-25,"2022","12","25","Dic","Verano"
"221226","0",52,NA,2022-12-26,"2022","12","26","Dic","Verano"
"221227","0",65,NA,2022-12-27,"2022","12","27","Dic","Verano"
"221228","0",75,NA,2022-12-28,"2022","12","28","Dic","Verano"
"221229","0",82,NA,2022-12-29,"2022","12","29","Dic","Verano"
"221230","0",67,NA,2022-12-30,"2022","12","30","Dic","Verano"
"221231","0",32,NA,2022-12-31,"2022","12","31","Dic","Verano"
"230101","0",28,NA,2023-01-01,"2023","01","01","Ene","Verano"
"230104","0",65,NA,2023-01-04,"2023","01","04","Ene","Verano"
"230105","0",59,NA,2023-01-05,"2023","01","05","Ene","Verano"
"230106","0",50,NA,2023-01-06,"2023","01","06","Ene","Verano"
"230107","0",43,NA,2023-01-07,"2023","01","07","Ene","Verano"
"230108","0",36,NA,2023-01-08,"2023","01","08","Ene","Verano"
"230109","0",41,NA,2023-01-09,"2023","01","09","Ene","Verano"
"230110","0",40,NA,2023-01-10,"2023","01","10","Ene","Verano"
"230111","0",50,NA,2023-01-11,"2023","01","11","Ene","Verano"
"230112","0",60,NA,2023-01-12,"2023","01","12","Ene","Verano"
"230113","0",62,NA,2023-01-13,"2023","01","13","Ene","Verano"
"230114","0",43,NA,2023-01-14,"2023","01","14","Ene","Verano"
"230115","0",42,NA,2023-01-15,"2023","01","15","Ene","Verano"
"230116","0",55,NA,2023-01-16,"2023","01","16","Ene","Verano"
"230117","0",65,NA,2023-01-17,"2023","01","17","Ene","Verano"
"230118","0",71,NA,2023-01-18,"2023","01","18","Ene","Verano"
"230119","0",51,NA,2023-01-19,"2023","01","19","Ene","Verano"
"230120","0",50,NA,2023-01-20,"2023","01","20","Ene","Verano"
"230121","0",47,NA,2023-01-21,"2023","01","21","Ene","Verano"
"230122","0",44,NA,2023-01-22,"2023","01","22","Ene","Verano"
"230123","0",65,NA,2023-01-23,"2023","01","23","Ene","Verano"
"230124","0",48,NA,2023-01-24,"2023","01","24","Ene","Verano"
"230125","0",41,NA,2023-01-25,"2023","01","25","Ene","Verano"
"230126","0",51,NA,2023-01-26,"2023","01","26","Ene","Verano"
"230127","0",57,NA,2023-01-27,"2023","01","27","Ene","Verano"
"230128","0",66,NA,2023-01-28,"2023","01","28","Ene","Verano"
"230129","0",55,NA,2023-01-29,"2023","01","29","Ene","Verano"
"230130","0",51,NA,2023-01-30,"2023","01","30","Ene","Verano"
"230131","0",54,NA,2023-01-31,"2023","01","31","Ene","Verano"
"230201","0",65,NA,2023-02-01,"2023","02","01","Feb","Verano"
"230202","0",69,NA,2023-02-02,"2023","02","02","Feb","Verano"
"230203","0",98,NA,2023-02-03,"2023","02","03","Feb","Verano"
"230204","0",62,NA,2023-02-04,"2023","02","04","Feb","Verano"
"230205","0",43,NA,2023-02-05,"2023","02","05","Feb","Verano"
"230206","0",94,NA,2023-02-06,"2023","02","06","Feb","Verano"
"230207","0",132,NA,2023-02-07,"2023","02","07","Feb","Verano"
"230208","0",117,NA,2023-02-08,"2023","02","08","Feb","Verano"
"230209","0",137,NA,2023-02-09,"2023","02","09","Feb","Verano"
"230210","0",141,NA,2023-02-10,"2023","02","10","Feb","Verano"
"230211","0",90,NA,2023-02-11,"2023","02","11","Feb","Verano"
"230212","0",78,NA,2023-02-12,"2023","02","12","Feb","Verano"
"230213","0",47,NA,2023-02-13,"2023","02","13","Feb","Verano"
"230214","0",67,NA,2023-02-14,"2023","02","14","Feb","Verano"
"230215","0",74,NA,2023-02-15,"2023","02","15","Feb","Verano"
"230216","0",72,NA,2023-02-16,"2023","02","16","Feb","Verano"
"230217","0",54,NA,2023-02-17,"2023","02","17","Feb","Verano"
"230218","0",66,NA,2023-02-18,"2023","02","18","Feb","Verano"
"230219","0",37,NA,2023-02-19,"2023","02","19","Feb","Verano"
"230220","0",68,NA,2023-02-20,"2023","02","20","Feb","Verano"
"230221","0",90,NA,2023-02-21,"2023","02","21","Feb","Verano"
"230222","0",83,NA,2023-02-22,"2023","02","22","Feb","Verano"
"230223","0",82,NA,2023-02-23,"2023","02","23","Feb","Verano"
"230224","0",72,NA,2023-02-24,"2023","02","24","Feb","Verano"
"230225","0",45,NA,2023-02-25,"2023","02","25","Feb","Verano"
"230226","0",43,NA,2023-02-26,"2023","02","26","Feb","Verano"
"230227","0",70,NA,2023-02-27,"2023","02","27","Feb","Verano"
"230228","0",67,NA,2023-02-28,"2023","02","28","Feb","Verano"
"230301","0",88,NA,2023-03-01,"2023","03","01","Mar","Otoño"
"230302","0",84,NA,2023-03-02,"2023","03","02","Mar","Otoño"
"230303","0",64,NA,2023-03-03,"2023","03","03","Mar","Otoño"
"230304","0",69,NA,2023-03-04,"2023","03","04","Mar","Otoño"
"230305","0",69,NA,2023-03-05,"2023","03","05","Mar","Otoño"
"230306","0",68,NA,2023-03-06,"2023","03","06","Mar","Otoño"
"230307","0",62,NA,2023-03-07,"2023","03","07","Mar","Otoño"
"230308","0",45,NA,2023-03-08,"2023","03","08","Mar","Otoño"
"230309","0",58,NA,2023-03-09,"2023","03","09","Mar","Otoño"
"230310","0",60,NA,2023-03-10,"2023","03","10","Mar","Otoño"
"230311","0",44,NA,2023-03-11,"2023","03","11","Mar","Otoño"
"230312","0",28,NA,2023-03-12,"2023","03","12","Mar","Otoño"
"230313","0",48,NA,2023-03-13,"2023","03","13","Mar","Otoño"
"230314","0",52,NA,2023-03-14,"2023","03","14","Mar","Otoño"
"230315","0",58,NA,2023-03-15,"2023","03","15","Mar","Otoño"
"230316","0",69,NA,2023-03-16,"2023","03","16","Mar","Otoño"
"230317","0",72,NA,2023-03-17,"2023","03","17","Mar","Otoño"
"230318","0",76,NA,2023-03-18,"2023","03","18","Mar","Otoño"
"230319","0",67,NA,2023-03-19,"2023","03","19","Mar","Otoño"
"230320","0",76,NA,2023-03-20,"2023","03","20","Mar","Otoño"
"230321","0",65,NA,2023-03-21,"2023","03","21","Mar","Otoño"
"230322","0",93,NA,2023-03-22,"2023","03","22","Mar","Otoño"
"230323","0",98,NA,2023-03-23,"2023","03","23","Mar","Otoño"
"230324","0",100,NA,2023-03-24,"2023","03","24","Mar","Otoño"
"230325","0",81,NA,2023-03-25,"2023","03","25","Mar","Otoño"
"230326","0",62,NA,2023-03-26,"2023","03","26","Mar","Otoño"
"230327","0",78,NA,2023-03-27,"2023","03","27","Mar","Otoño"
"230328","0",85,NA,2023-03-28,"2023","03","28","Mar","Otoño"
"230329","0",65,NA,2023-03-29,"2023","03","29","Mar","Otoño"
"230330","0",78,NA,2023-03-30,"2023","03","30","Mar","Otoño"
"230331","0",88,NA,2023-03-31,"2023","03","31","Mar","Otoño"
"230401","0",80,NA,2023-04-01,"2023","04","01","Abr","Otoño"
"230402","0",74,NA,2023-04-02,"2023","04","02","Abr","Otoño"
"230403","0",80,NA,2023-04-03,"2023","04","03","Abr","Otoño"
"230404","0",77,NA,2023-04-04,"2023","04","04","Abr","Otoño"
"230405","0",70,NA,2023-04-05,"2023","04","05","Abr","Otoño"
"230406","0",74,NA,2023-04-06,"2023","04","06","Abr","Otoño"
"230407","0",73,NA,2023-04-07,"2023","04","07","Abr","Otoño"
"230408","0",64,NA,2023-04-08,"2023","04","08","Abr","Otoño"
"230409","0",60,NA,2023-04-09,"2023","04","09","Abr","Otoño"
"230410","0",75,NA,2023-04-10,"2023","04","10","Abr","Otoño"
"230411","0",77,NA,2023-04-11,"2023","04","11","Abr","Otoño"
"230412","0",56,NA,2023-04-12,"2023","04","12","Abr","Otoño"
"230413","0",38,NA,2023-04-13,"2023","04","13","Abr","Otoño"
"230414","0",44,NA,2023-04-14,"2023","04","14","Abr","Otoño"
"230415","0",46,NA,2023-04-15,"2023","04","15","Abr","Otoño"
"230416","0",45,NA,2023-04-16,"2023","04","16","Abr","Otoño"
"230417","0",63,NA,2023-04-17,"2023","04","17","Abr","Otoño"
"230418","0",106,NA,2023-04-18,"2023","04","18","Abr","Otoño"
"230419","0",144,NA,2023-04-19,"2023","04","19","Abr","Otoño"
"230420","0",118,NA,2023-04-20,"2023","04","20","Abr","Otoño"
"230421","0",60,NA,2023-04-21,"2023","04","21","Abr","Otoño"
"230422","0",86,NA,2023-04-22,"2023","04","22","Abr","Otoño"
"230423","0",44,NA,2023-04-23,"2023","04","23","Abr","Otoño"
"230424","0",71,NA,2023-04-24,"2023","04","24","Abr","Otoño"
"230425","0",103,NA,2023-04-25,"2023","04","25","Abr","Otoño"
"230426","0",138,NA,2023-04-26,"2023","04","26","Abr","Otoño"
"230427","0",98,NA,2023-04-27,"2023","04","27","Abr","Otoño"
"230428","0",82,NA,2023-04-28,"2023","04","28","Abr","Otoño"
"230429","0",25,NA,2023-04-29,"2023","04","29","Abr","Otoño"
"230430","0",25,NA,2023-04-30,"2023","04","30","Abr","Otoño"
"230501","0",51,NA,2023-05-01,"2023","05","01","May","Otoño"
"230502","0",66,NA,2023-05-02,"2023","05","02","May","Otoño"
"230503","0",79,NA,2023-05-03,"2023","05","03","May","Otoño"
"230504","0",93,NA,2023-05-04,"2023","05","04","May","Otoño"
"230505","0",108,NA,2023-05-05,"2023","05","05","May","Otoño"
"230506","0",104,NA,2023-05-06,"2023","05","06","May","Otoño"
"230507","0",136,NA,2023-05-07,"2023","05","07","May","Otoño"
"230508","0",150,NA,2023-05-08,"2023","05","08","May","Otoño"
"230509","0",144,NA,2023-05-09,"2023","05","09","May","Otoño"
"230510","0",137,NA,2023-05-10,"2023","05","10","May","Otoño"
"230511","0",130,NA,2023-05-11,"2023","05","11","May","Otoño"
"230512","0",103,NA,2023-05-12,"2023","05","12","May","Otoño"
"230513","0",122,NA,2023-05-13,"2023","05","13","May","Otoño"
"230514","0",89,NA,2023-05-14,"2023","05","14","May","Otoño"
"230515","0",72,NA,2023-05-15,"2023","05","15","May","Otoño"
"230516","0",63,NA,2023-05-16,"2023","05","16","May","Otoño"
"230517","0",43,NA,2023-05-17,"2023","05","17","May","Otoño"
"230518","0",70,NA,2023-05-18,"2023","05","18","May","Otoño"
"230519","0",83,NA,2023-05-19,"2023","05","19","May","Otoño"
"230520","0",91,NA,2023-05-20,"2023","05","20","May","Otoño"
"230521","0",70,NA,2023-05-21,"2023","05","21","May","Otoño"
"230522","0",72,NA,2023-05-22,"2023","05","22","May","Otoño"
"230523","0",110,NA,2023-05-23,"2023","05","23","May","Otoño"
"230524","0",78,NA,2023-05-24,"2023","05","24","May","Otoño"
"230525","0",91,NA,2023-05-25,"2023","05","25","May","Otoño"
"230526","0",65,NA,2023-05-26,"2023","05","26","May","Otoño"
"230527","0",88,NA,2023-05-27,"2023","05","27","May","Otoño"
"230528","0",126,NA,2023-05-28,"2023","05","28","May","Otoño"
"230529","0",130,NA,2023-05-29,"2023","05","29","May","Otoño"
"230530","0",139,NA,2023-05-30,"2023","05","30","May","Otoño"
"230531","0",149,NA,2023-05-31,"2023","05","31","May","Otoño"
"230601","0",119,NA,2023-06-01,"2023","06","01","Jun","Invierno"
"230602","0",87,NA,2023-06-02,"2023","06","02","Jun","Invierno"
"230603","0",66,NA,2023-06-03,"2023","06","03","Jun","Invierno"
"230604","0",102,NA,2023-06-04,"2023","06","04","Jun","Invierno"
"230605","0",122,NA,2023-06-05,"2023","06","05","Jun","Invierno"
"230606","0",161,NA,2023-06-06,"2023","06","06","Jun","Invierno"
"230607","0",149,NA,2023-06-07,"2023","06","07","Jun","Invierno"
"230608","0",51,NA,2023-06-08,"2023","06","08","Jun","Invierno"
"230609","0",16,NA,2023-06-09,"2023","06","09","Jun","Invierno"
"230610","0",25,NA,2023-06-10,"2023","06","10","Jun","Invierno"
"230611","0",45,NA,2023-06-11,"2023","06","11","Jun","Invierno"
"230612","0",130,NA,2023-06-12,"2023","06","12","Jun","Invierno"
"230613","0",138,NA,2023-06-13,"2023","06","13","Jun","Invierno"
"230614","0",124,NA,2023-06-14,"2023","06","14","Jun","Invierno"
"230615","0",141,NA,2023-06-15,"2023","06","15","Jun","Invierno"
"230616","0",131,NA,2023-06-16,"2023","06","16","Jun","Invierno"
"230617","0",143,NA,2023-06-17,"2023","06","17","Jun","Invierno"
"230618","0",91,NA,2023-06-18,"2023","06","18","Jun","Invierno"
"230619","0",91,NA,2023-06-19,"2023","06","19","Jun","Invierno"
"230620","0",94,NA,2023-06-20,"2023","06","20","Jun","Invierno"
"230621","0",69,NA,2023-06-21,"2023","06","21","Jun","Invierno"
"230622","0",27,NA,2023-06-22,"2023","06","22","Jun","Invierno"
"230623","0",28,NA,2023-06-23,"2023","06","23","Jun","Invierno"
"230624","0",38,NA,2023-06-24,"2023","06","24","Jun","Invierno"
"230625","0",43,NA,2023-06-25,"2023","06","25","Jun","Invierno"
"230626","0",34,NA,2023-06-26,"2023","06","26","Jun","Invierno"
"230627","0",96,NA,2023-06-27,"2023","06","27","Jun","Invierno"
"230628","0",186,NA,2023-06-28,"2023","06","28","Jun","Invierno"
"230629","0",179,NA,2023-06-29,"2023","06","29","Jun","Invierno"
"230630","0",161,NA,2023-06-30,"2023","06","30","Jun","Invierno"
"230701","0",111,NA,2023-07-01,"2023","07","01","Jul","Invierno"
"230702","0",68,NA,2023-07-02,"2023","07","02","Jul","Invierno"
"230703","0",119,NA,2023-07-03,"2023","07","03","Jul","Invierno"
"230704","0",90,NA,2023-07-04,"2023","07","04","Jul","Invierno"
"230705","0",75,NA,2023-07-05,"2023","07","05","Jul","Invierno"
"230706","0",98,NA,2023-07-06,"2023","07","06","Jul","Invierno"
"230707","0",130,NA,2023-07-07,"2023","07","07","Jul","Invierno"
"230708","0",98,NA,2023-07-08,"2023","07","08","Jul","Invierno"
"230709","0",75,NA,2023-07-09,"2023","07","09","Jul","Invierno"
"230710","0",80,NA,2023-07-10,"2023","07","10","Jul","Invierno"
"230711","0",66,NA,2023-07-11,"2023","07","11","Jul","Invierno"
"230712","0",32,NA,2023-07-12,"2023","07","12","Jul","Invierno"
"230713","0",118,NA,2023-07-13,"2023","07","13","Jul","Invierno"
"230714","0",151,NA,2023-07-14,"2023","07","14","Jul","Invierno"
"230715","0",93,NA,2023-07-15,"2023","07","15","Jul","Invierno"
"230716","0",114,NA,2023-07-16,"2023","07","16","Jul","Invierno"
"230717","0",198,NA,2023-07-17,"2023","07","17","Jul","Invierno"
"230718","0",212,NA,2023-07-18,"2023","07","18","Jul","Invierno"
"230719","0",174,NA,2023-07-19,"2023","07","19","Jul","Invierno"
"230720","0",139,NA,2023-07-20,"2023","07","20","Jul","Invierno"
"230721","0",60,NA,2023-07-21,"2023","07","21","Jul","Invierno"
"230722","0",26,NA,2023-07-22,"2023","07","22","Jul","Invierno"
"230723","0",73,NA,2023-07-23,"2023","07","23","Jul","Invierno"
"230724","0",128,NA,2023-07-24,"2023","07","24","Jul","Invierno"
"230725","0",100,NA,2023-07-25,"2023","07","25","Jul","Invierno"
"230726","0",81,NA,2023-07-26,"2023","07","26","Jul","Invierno"
"230727","0",125,NA,2023-07-27,"2023","07","27","Jul","Invierno"
"230728","0",158,NA,2023-07-28,"2023","07","28","Jul","Invierno"
"230729","0",121,NA,2023-07-29,"2023","07","29","Jul","Invierno"
"230730","0",110,NA,2023-07-30,"2023","07","30","Jul","Invierno"
"230731","0",115,NA,2023-07-31,"2023","07","31","Jul","Invierno"
"230801","0",115,NA,2023-08-01,"2023","08","01","Ago","Invierno"
"230802","0",113,NA,2023-08-02,"2023","08","02","Ago","Invierno"
"230803","0",123,NA,2023-08-03,"2023","08","03","Ago","Invierno"
"230804","0",110,NA,2023-08-04,"2023","08","04","Ago","Invierno"
"230805","0",36,NA,2023-08-05,"2023","08","05","Ago","Invierno"
"230806","0",49,NA,2023-08-06,"2023","08","06","Ago","Invierno"
"230807","0",85,NA,2023-08-07,"2023","08","07","Ago","Invierno"
"230808","0",111,NA,2023-08-08,"2023","08","08","Ago","Invierno"
"230809","0",112,NA,2023-08-09,"2023","08","09","Ago","Invierno"
"230810","0",21,NA,2023-08-10,"2023","08","10","Ago","Invierno"
"230811","0",53,NA,2023-08-11,"2023","08","11","Ago","Invierno"
"230812","0",87,NA,2023-08-12,"2023","08","12","Ago","Invierno"
"230813","0",89,NA,2023-08-13,"2023","08","13","Ago","Invierno"
"230814","0",73,NA,2023-08-14,"2023","08","14","Ago","Invierno"
"230815","0",32,NA,2023-08-15,"2023","08","15","Ago","Invierno"
"230816","0",40,NA,2023-08-16,"2023","08","16","Ago","Invierno"
"230817","0",34,NA,2023-08-17,"2023","08","17","Ago","Invierno"
"230818","0",56,NA,2023-08-18,"2023","08","18","Ago","Invierno"
"230819","0",30,NA,2023-08-19,"2023","08","19","Ago","Invierno"
"230820","0",21,NA,2023-08-20,"2023","08","20","Ago","Invierno"
"230821","0",47,NA,2023-08-21,"2023","08","21","Ago","Invierno"
"230822","0",14,NA,2023-08-22,"2023","08","22","Ago","Invierno"
"230823","0",11,NA,2023-08-23,"2023","08","23","Ago","Invierno"
"230824","0",41,NA,2023-08-24,"2023","08","24","Ago","Invierno"
"230825","0",54,NA,2023-08-25,"2023","08","25","Ago","Invierno"
"230826","0",78,NA,2023-08-26,"2023","08","26","Ago","Invierno"
"230827","0",77,NA,2023-08-27,"2023","08","27","Ago","Invierno"
"230828","0",83,NA,2023-08-28,"2023","08","28","Ago","Invierno"
"230829","0",62,NA,2023-08-29,"2023","08","29","Ago","Invierno"
"230830","0",44,NA,2023-08-30,"2023","08","30","Ago","Invierno"
"230831","0",73,NA,2023-08-31,"2023","08","31","Ago","Invierno"
"230901","0",77,NA,2023-09-01,"2023","09","01","Sep","Primavera"
"230902","0",47,NA,2023-09-02,"2023","09","02","Sep","Primavera"
"230903","0",28,NA,2023-09-03,"2023","09","03","Sep","Primavera"
"230904","0",36,NA,2023-09-04,"2023","09","04","Sep","Primavera"
"230905","0",102,NA,2023-09-05,"2023","09","05","Sep","Primavera"
"230906","0",23,NA,2023-09-06,"2023","09","06","Sep","Primavera"
"230907","0",27,NA,2023-09-07,"2023","09","07","Sep","Primavera"
"230908","0",45,NA,2023-09-08,"2023","09","08","Sep","Primavera"
"230909","0",65,NA,2023-09-09,"2023","09","09","Sep","Primavera"
"230910","0",72,NA,2023-09-10,"2023","09","10","Sep","Primavera"
"230911","0",13,NA,2023-09-11,"2023","09","11","Sep","Primavera"
"230912","0",30,NA,2023-09-12,"2023","09","12","Sep","Primavera"
"230913","0",59,NA,2023-09-13,"2023","09","13","Sep","Primavera"
"230914","0",88,NA,2023-09-14,"2023","09","14","Sep","Primavera"
"230915","0",74,NA,2023-09-15,"2023","09","15","Sep","Primavera"
"230916","0",24,NA,2023-09-16,"2023","09","16","Sep","Primavera"
"230917","0",25,NA,2023-09-17,"2023","09","17","Sep","Primavera"
"230918","0",45,NA,2023-09-18,"2023","09","18","Sep","Primavera"
"230919","0",63,NA,2023-09-19,"2023","09","19","Sep","Primavera"
"230920","0",51,NA,2023-09-20,"2023","09","20","Sep","Primavera"
"230921","0",50,NA,2023-09-21,"2023","09","21","Sep","Primavera"
"230922","0",54,NA,2023-09-22,"2023","09","22","Sep","Primavera"
"230923","0",59,NA,2023-09-23,"2023","09","23","Sep","Primavera"
"230924","0",38,NA,2023-09-24,"2023","09","24","Sep","Primavera"
"230925","0",47,NA,2023-09-25,"2023","09","25","Sep","Primavera"
"230926","0",28,NA,2023-09-26,"2023","09","26","Sep","Primavera"
"230927","0",56,NA,2023-09-27,"2023","09","27","Sep","Primavera"
"230928","0",57,NA,2023-09-28,"2023","09","28","Sep","Primavera"
"230929","0",77,NA,2023-09-29,"2023","09","29","Sep","Primavera"
"230930","0",75,NA,2023-09-30,"2023","09","30","Sep","Primavera"
"231001","0",20,NA,2023-10-01,"2023","10","01","Oct","Primavera"
"231002","0",26,NA,2023-10-02,"2023","10","02","Oct","Primavera"
"231003","0",24,NA,2023-10-03,"2023","10","03","Oct","Primavera"
"231004","0",46,NA,2023-10-04,"2023","10","04","Oct","Primavera"
"231005","0",46,NA,2023-10-05,"2023","10","05","Oct","Primavera"
"231006","0",43,NA,2023-10-06,"2023","10","06","Oct","Primavera"
"231007","0",61,NA,2023-10-07,"2023","10","07","Oct","Primavera"
"231008","0",48,NA,2023-10-08,"2023","10","08","Oct","Primavera"
"231009","0",55,NA,2023-10-09,"2023","10","09","Oct","Primavera"
"231010","0",51,NA,2023-10-10,"2023","10","10","Oct","Primavera"
"231011","0",49,NA,2023-10-11,"2023","10","11","Oct","Primavera"
"231012","0",62,NA,2023-10-12,"2023","10","12","Oct","Primavera"
"231013","0",73,NA,2023-10-13,"2023","10","13","Oct","Primavera"
"231014","0",56,NA,2023-10-14,"2023","10","14","Oct","Primavera"
"231015","0",53,NA,2023-10-15,"2023","10","15","Oct","Primavera"
"231016","0",44,NA,2023-10-16,"2023","10","16","Oct","Primavera"
"231017","0",74,NA,2023-10-17,"2023","10","17","Oct","Primavera"
"231018","0",41,NA,2023-10-18,"2023","10","18","Oct","Primavera"
"231019","0",72,NA,2023-10-19,"2023","10","19","Oct","Primavera"
"231020","0",78,NA,2023-10-20,"2023","10","20","Oct","Primavera"
"231021","0",49,NA,2023-10-21,"2023","10","21","Oct","Primavera"
"231022","0",44,NA,2023-10-22,"2023","10","22","Oct","Primavera"
"231023","0",32,NA,2023-10-23,"2023","10","23","Oct","Primavera"
"231024","0",49,NA,2023-10-24,"2023","10","24","Oct","Primavera"
"231025","0",62,NA,2023-10-25,"2023","10","25","Oct","Primavera"
"231026","0",52,NA,2023-10-26,"2023","10","26","Oct","Primavera"
"231027","0",26,NA,2023-10-27,"2023","10","27","Oct","Primavera"
"231028","0",39,NA,2023-10-28,"2023","10","28","Oct","Primavera"
"231029","0",10,NA,2023-10-29,"2023","10","29","Oct","Primavera"
"231030","0",24,NA,2023-10-30,"2023","10","30","Oct","Primavera"
"231031","0",36,NA,2023-10-31,"2023","10","31","Oct","Primavera"
"231101","0",24,NA,2023-11-01,"2023","11","01","Nov","Primavera"
"231102","0",31,NA,2023-11-02,"2023","11","02","Nov","Primavera"
"231103","0",52,NA,2023-11-03,"2023","11","03","Nov","Primavera"
"231104","0",56,NA,2023-11-04,"2023","11","04","Nov","Primavera"
"231105","0",33,NA,2023-11-05,"2023","11","05","Nov","Primavera"
"231106","0",39,NA,2023-11-06,"2023","11","06","Nov","Primavera"
"231107","0",34,NA,2023-11-07,"2023","11","07","Nov","Primavera"
"231108","0",44,NA,2023-11-08,"2023","11","08","Nov","Primavera"
"231109","0",54,NA,2023-11-09,"2023","11","09","Nov","Primavera"
"231110","0",19,NA,2023-11-10,"2023","11","10","Nov","Primavera"
"231111","0",24,NA,2023-11-11,"2023","11","11","Nov","Primavera"
"231112","0",18,NA,2023-11-12,"2023","11","12","Nov","Primavera"
"231113","0",31,NA,2023-11-13,"2023","11","13","Nov","Primavera"
"231114","0",40,NA,2023-11-14,"2023","11","14","Nov","Primavera"
"231115","0",39,NA,2023-11-15,"2023","11","15","Nov","Primavera"
"231116","0",44,NA,2023-11-16,"2023","11","16","Nov","Primavera"
"231117","0",39,NA,2023-11-17,"2023","11","17","Nov","Primavera"
"231118","0",55,NA,2023-11-18,"2023","11","18","Nov","Primavera"
"231119","0",40,NA,2023-11-19,"2023","11","19","Nov","Primavera"
"231120","0",37,NA,2023-11-20,"2023","11","20","Nov","Primavera"
"231121","0",38,NA,2023-11-21,"2023","11","21","Nov","Primavera"
"231122","0",47,NA,2023-11-22,"2023","11","22","Nov","Primavera"
"231123","0",50,NA,2023-11-23,"2023","11","23","Nov","Primavera"
"231124","0",59,NA,2023-11-24,"2023","11","24","Nov","Primavera"
"231125","0",46,NA,2023-11-25,"2023","11","25","Nov","Primavera"
"231126","0",38,NA,2023-11-26,"2023","11","26","Nov","Primavera"
"231127","0",33,NA,2023-11-27,"2023","11","27","Nov","Primavera"
"231128","0",33,NA,2023-11-28,"2023","11","28","Nov","Primavera"
"231129","0",44,NA,2023-11-29,"2023","11","29","Nov","Primavera"
"231130","0",62,NA,2023-11-30,"2023","11","30","Nov","Primavera"
"231201","0",34,NA,2023-12-01,"2023","12","01","Dic","Verano"
"231202","0",32,NA,2023-12-02,"2023","12","02","Dic","Verano"
"231205","0",42,NA,2023-12-05,"2023","12","05","Dic","Verano"
"231206","0",50,NA,2023-12-06,"2023","12","06","Dic","Verano"
"231207","0",88,NA,2023-12-07,"2023","12","07","Dic","Verano"
"231208","0",68,NA,2023-12-08,"2023","12","08","Dic","Verano"
"231209","0",45,NA,2023-12-09,"2023","12","09","Dic","Verano"
"231210","0",82,NA,2023-12-10,"2023","12","10","Dic","Verano"
"231211","0",52,NA,2023-12-11,"2023","12","11","Dic","Verano"
"231212","0",50,NA,2023-12-12,"2023","12","12","Dic","Verano"
"231213","0",53,NA,2023-12-13,"2023","12","13","Dic","Verano"
"231215","0",60,NA,2023-12-15,"2023","12","15","Dic","Verano"
"231216","0",24,NA,2023-12-16,"2023","12","16","Dic","Verano"
"231217","0",19,NA,2023-12-17,"2023","12","17","Dic","Verano"
"231218","0",38,NA,2023-12-18,"2023","12","18","Dic","Verano"
"231219","0",84,NA,2023-12-19,"2023","12","19","Dic","Verano"
"231220","0",71,NA,2023-12-20,"2023","12","20","Dic","Verano"
"231221","0",71,NA,2023-12-21,"2023","12","21","Dic","Verano"
"231222","0",56,NA,2023-12-22,"2023","12","22","Dic","Verano"
"231223","0",49,NA,2023-12-23,"2023","12","23","Dic","Verano"
"231224","0",35,NA,2023-12-24,"2023","12","24","Dic","Verano"
"231225","0",43,NA,2023-12-25,"2023","12","25","Dic","Verano"
"231226","0",58,NA,2023-12-26,"2023","12","26","Dic","Verano"
"231227","0",43,NA,2023-12-27,"2023","12","27","Dic","Verano"
"231228","0",36,NA,2023-12-28,"2023","12","28","Dic","Verano"
"231229","0",43,NA,2023-12-29,"2023","12","29","Dic","Verano"
"231230","0",22,NA,2023-12-30,"2023","12","30","Dic","Verano"
"231231","0",22,NA,2023-12-31,"2023","12","31","Dic","Verano"
"240101","0",25,NA,2024-01-01,"2024","01","01","Ene","Verano"
"240102","0",40,NA,2024-01-02,"2024","01","02","Ene","Verano"
"240103","0",59,NA,2024-01-03,"2024","01","03","Ene","Verano"
"240104","0",61,NA,2024-01-04,"2024","01","04","Ene","Verano"
"240105","0",42,NA,2024-01-05,"2024","01","05","Ene","Verano"
"240106","0",31,NA,2024-01-06,"2024","01","06","Ene","Verano"
"240107","0",23,NA,2024-01-07,"2024","01","07","Ene","Verano"
"240108","0",43,NA,2024-01-08,"2024","01","08","Ene","Verano"
"240109","0",55,NA,2024-01-09,"2024","01","09","Ene","Verano"
"240110","0",61,NA,2024-01-10,"2024","01","10","Ene","Verano"
"240111","0",66,NA,2024-01-11,"2024","01","11","Ene","Verano"
"240112","0",67,NA,2024-01-12,"2024","01","12","Ene","Verano"
"240113","0",42,NA,2024-01-13,"2024","01","13","Ene","Verano"
"240114","0",36,NA,2024-01-14,"2024","01","14","Ene","Verano"
"240115","0",61,NA,2024-01-15,"2024","01","15","Ene","Verano"
"240116","0",51,NA,2024-01-16,"2024","01","16","Ene","Verano"
"240117","0",79,NA,2024-01-17,"2024","01","17","Ene","Verano"
"240118","0",59,NA,2024-01-18,"2024","01","18","Ene","Verano"
"240119","0",68,NA,2024-01-19,"2024","01","19","Ene","Verano"
"240120","0",62,NA,2024-01-20,"2024","01","20","Ene","Verano"
"240121","0",56,NA,2024-01-21,"2024","01","21","Ene","Verano"
"240122","0",67,NA,2024-01-22,"2024","01","22","Ene","Verano"
"240123","0",61,NA,2024-01-23,"2024","01","23","Ene","Verano"
"240124","0",70,NA,2024-01-24,"2024","01","24","Ene","Verano"
"240125","0",74,NA,2024-01-25,"2024","01","25","Ene","Verano"
"240126","0",46,NA,2024-01-26,"2024","01","26","Ene","Verano"
"240127","0",43,NA,2024-01-27,"2024","01","27","Ene","Verano"
"240128","0",40,NA,2024-01-28,"2024","01","28","Ene","Verano"
"240129","0",55,NA,2024-01-29,"2024","01","29","Ene","Verano"
"240130","0",70,NA,2024-01-30,"2024","01","30","Ene","Verano"
"240131","0",78,NA,2024-01-31,"2024","01","31","Ene","Verano"
"240201","0",80,NA,2024-02-01,"2024","02","01","Feb","Verano"
"240202","0",70,NA,2024-02-02,"2024","02","02","Feb","Verano"
"240203","0",56,NA,2024-02-03,"2024","02","03","Feb","Verano"
"240204","0",69,NA,2024-02-04,"2024","02","04","Feb","Verano"
"240205","0",53,NA,2024-02-05,"2024","02","05","Feb","Verano"
"240206","0",64,NA,2024-02-06,"2024","02","06","Feb","Verano"
"240207","0",50,NA,2024-02-07,"2024","02","07","Feb","Verano"
"240208","0",49,NA,2024-02-08,"2024","02","08","Feb","Verano"
"240209","0",45,NA,2024-02-09,"2024","02","09","Feb","Verano"
"240210","0",46,NA,2024-02-10,"2024","02","10","Feb","Verano"
"240211","0",36,NA,2024-02-11,"2024","02","11","Feb","Verano"
"240212","0",49,NA,2024-02-12,"2024","02","12","Feb","Verano"
"240213","0",65,NA,2024-02-13,"2024","02","13","Feb","Verano"
"240214","0",53,NA,2024-02-14,"2024","02","14","Feb","Verano"
"240215","0",53,NA,2024-02-15,"2024","02","15","Feb","Verano"
"240216","0",58,NA,2024-02-16,"2024","02","16","Feb","Verano"
"240217","0",46,NA,2024-02-17,"2024","02","17","Feb","Verano"
"240218","0",51,NA,2024-02-18,"2024","02","18","Feb","Verano"
"240219","0",52,NA,2024-02-19,"2024","02","19","Feb","Verano"
"240220","0",41,NA,2024-02-20,"2024","02","20","Feb","Verano"
"240221","0",38,NA,2024-02-21,"2024","02","21","Feb","Verano"
"240222","0",19,NA,2024-02-22,"2024","02","22","Feb","Verano"
"240223","0",33,NA,2024-02-23,"2024","02","23","Feb","Verano"
"240224","0",32,NA,2024-02-24,"2024","02","24","Feb","Verano"
"240225","0",35,NA,2024-02-25,"2024","02","25","Feb","Verano"
"240226","0",50,NA,2024-02-26,"2024","02","26","Feb","Verano"
"240227","0",49,NA,2024-02-27,"2024","02","27","Feb","Verano"
"240228","0",50,NA,2024-02-28,"2024","02","28","Feb","Verano"
"240229","0",53,NA,2024-02-29,"2024","02","29","Feb","Verano"
"240301","0",70,NA,2024-03-01,"2024","03","01","Mar","Otoño"
"240302","0",55,NA,2024-03-02,"2024","03","02","Mar","Otoño"
"240303","0",51,NA,2024-03-03,"2024","03","03","Mar","Otoño"
"240304","0",59,NA,2024-03-04,"2024","03","04","Mar","Otoño"
"240305","0",62,NA,2024-03-05,"2024","03","05","Mar","Otoño"
"240306","0",66,NA,2024-03-06,"2024","03","06","Mar","Otoño"
"240307","0",51,NA,2024-03-07,"2024","03","07","Mar","Otoño"
"240308","0",45,NA,2024-03-08,"2024","03","08","Mar","Otoño"
"240309","0",45,NA,2024-03-09,"2024","03","09","Mar","Otoño"
"240310","0",45,NA,2024-03-10,"2024","03","10","Mar","Otoño"
"240311","0",52,NA,2024-03-11,"2024","03","11","Mar","Otoño"
"240312","0",46,NA,2024-03-12,"2024","03","12","Mar","Otoño"
"240313","0",48,NA,2024-03-13,"2024","03","13","Mar","Otoño"
"240314","0",67,NA,2024-03-14,"2024","03","14","Mar","Otoño"
"240315","0",75,NA,2024-03-15,"2024","03","15","Mar","Otoño"
"240316","0",65,NA,2024-03-16,"2024","03","16","Mar","Otoño"
"240317","0",59,NA,2024-03-17,"2024","03","17","Mar","Otoño"
"240318","0",86,NA,2024-03-18,"2024","03","18","Mar","Otoño"
"240319","0",82,NA,2024-03-19,"2024","03","19","Mar","Otoño"
"240320","0",46,NA,2024-03-20,"2024","03","20","Mar","Otoño"
"240321","0",72,NA,2024-03-21,"2024","03","21","Mar","Otoño"
"240322","0",63,NA,2024-03-22,"2024","03","22","Mar","Otoño"
"240323","0",54,NA,2024-03-23,"2024","03","23","Mar","Otoño"
"240324","0",39,NA,2024-03-24,"2024","03","24","Mar","Otoño"
"240325","0",48,NA,2024-03-25,"2024","03","25","Mar","Otoño"
"240326","0",64,NA,2024-03-26,"2024","03","26","Mar","Otoño"
"240327","0",63,NA,2024-03-27,"2024","03","27","Mar","Otoño"
"240328","0",62,NA,2024-03-28,"2024","03","28","Mar","Otoño"
"240329","0",63,NA,2024-03-29,"2024","03","29","Mar","Otoño"
"240330","0",56,NA,2024-03-30,"2024","03","30","Mar","Otoño"
"240331","0",48,NA,2024-03-31,"2024","03","31","Mar","Otoño"
"240401","0",50,NA,2024-04-01,"2024","04","01","Abr","Otoño"
"240402","0",79,NA,2024-04-02,"2024","04","02","Abr","Otoño"
"240403","0",81,NA,2024-04-03,"2024","04","03","Abr","Otoño"
"240404","0",63,NA,2024-04-04,"2024","04","04","Abr","Otoño"
"240412","0",42,NA,2024-04-12,"2024","04","12","Abr","Otoño"
"240413","0",56,NA,2024-04-13,"2024","04","13","Abr","Otoño"
"240414","0",45,NA,2024-04-14,"2024","04","14","Abr","Otoño"
"240415","0",42,NA,2024-04-15,"2024","04","15","Abr","Otoño"
"240416","0",81,NA,2024-04-16,"2024","04","16","Abr","Otoño"
"240417","0",105,NA,2024-04-17,"2024","04","17","Abr","Otoño"
"240418","0",91,NA,2024-04-18,"2024","04","18","Abr","Otoño"
"240419","0",94,NA,2024-04-19,"2024","04","19","Abr","Otoño"
"240420","0",88,NA,2024-04-20,"2024","04","20","Abr","Otoño"
"240421","0",57,NA,2024-04-21,"2024","04","21","Abr","Otoño"
"240422","0",51,NA,2024-04-22,"2024","04","22","Abr","Otoño"
"240423","0",68,NA,2024-04-23,"2024","04","23","Abr","Otoño"
"240424","0",72,NA,2024-04-24,"2024","04","24","Abr","Otoño"
"240425","0",70,NA,2024-04-25,"2024","04","25","Abr","Otoño"
"240426","0",56,NA,2024-04-26,"2024","04","26","Abr","Otoño"
"240427","0",45,NA,2024-04-27,"2024","04","27","Abr","Otoño"
"240428","0",61,NA,2024-04-28,"2024","04","28","Abr","Otoño"
"240429","0",44,NA,2024-04-29,"2024","04","29","Abr","Otoño"
"240430","0",29,NA,2024-04-30,"2024","04","30","Abr","Otoño"
"240501","0",27,NA,2024-05-01,"2024","05","01","May","Otoño"
"240502","0",56,NA,2024-05-02,"2024","05","02","May","Otoño"
"240503","0",55,NA,2024-05-03,"2024","05","03","May","Otoño"
"240504","0",60,NA,2024-05-04,"2024","05","04","May","Otoño"
"240505","0",77,NA,2024-05-05,"2024","05","05","May","Otoño"
"240506","0",64,NA,2024-05-06,"2024","05","06","May","Otoño"
"240507","0",38,NA,2024-05-07,"2024","05","07","May","Otoño"
"240508","0",59,NA,2024-05-08,"2024","05","08","May","Otoño"
"240509","0",97,NA,2024-05-09,"2024","05","09","May","Otoño"
"240510","0",93,NA,2024-05-10,"2024","05","10","May","Otoño"
"240511","0",94,NA,2024-05-11,"2024","05","11","May","Otoño"
"240512","0",54,NA,2024-05-12,"2024","05","12","May","Otoño"
"240513","0",80,NA,2024-05-13,"2024","05","13","May","Otoño"
"240514","0",105,NA,2024-05-14,"2024","05","14","May","Otoño"
"240515","0",86,NA,2024-05-15,"2024","05","15","May","Otoño"
"240516","0",80,NA,2024-05-16,"2024","05","16","May","Otoño"
"240517","0",86,NA,2024-05-17,"2024","05","17","May","Otoño"
"240518","0",94,NA,2024-05-18,"2024","05","18","May","Otoño"
"240519","0",109,NA,2024-05-19,"2024","05","19","May","Otoño"
"240520","0",75,NA,2024-05-20,"2024","05","20","May","Otoño"
"240521","0",28,NA,2024-05-21,"2024","05","21","May","Otoño"
"240522","0",29,NA,2024-05-22,"2024","05","22","May","Otoño"
"240523","0",45,NA,2024-05-23,"2024","05","23","May","Otoño"
"240524","0",112,NA,2024-05-24,"2024","05","24","May","Otoño"
"240525","0",90,NA,2024-05-25,"2024","05","25","May","Otoño"
"240526","0",53,NA,2024-05-26,"2024","05","26","May","Otoño"
"240527","0",107,NA,2024-05-27,"2024","05","27","May","Otoño"
"240528","0",111,NA,2024-05-28,"2024","05","28","May","Otoño"
"240529","0",156,NA,2024-05-29,"2024","05","29","May","Otoño"
"240530","0",162,NA,2024-05-30,"2024","05","30","May","Otoño"
"240531","0",141,NA,2024-05-31,"2024","05","31","May","Otoño"
"240601","0",133,NA,2024-06-01,"2024","06","01","Jun","Invierno"
"240602","0",138,NA,2024-06-02,"2024","06","02","Jun","Invierno"
"240603","0",116,NA,2024-06-03,"2024","06","03","Jun","Invierno"
"240604","0",163,NA,2024-06-04,"2024","06","04","Jun","Invierno"
"240605","0",160,NA,2024-06-05,"2024","06","05","Jun","Invierno"
"240606","0",170,NA,2024-06-06,"2024","06","06","Jun","Invierno"
"240607","0",195,NA,2024-06-07,"2024","06","07","Jun","Invierno"
"240608","0",85,NA,2024-06-08,"2024","06","08","Jun","Invierno"
"240609","0",23,NA,2024-06-09,"2024","06","09","Jun","Invierno"
"240610","0",69,NA,2024-06-10,"2024","06","10","Jun","Invierno"
"240611","0",155,NA,2024-06-11,"2024","06","11","Jun","Invierno"
"240612","0",115,NA,2024-06-12,"2024","06","12","Jun","Invierno"
"240613","0",17,NA,2024-06-13,"2024","06","13","Jun","Invierno"
"240614","0",42,NA,2024-06-14,"2024","06","14","Jun","Invierno"
"240617","0",107,NA,2024-06-17,"2024","06","17","Jun","Invierno"
"240618","0",18,NA,2024-06-18,"2024","06","18","Jun","Invierno"
"240619","0",51,NA,2024-06-19,"2024","06","19","Jun","Invierno"
"240620","0",89,NA,2024-06-20,"2024","06","20","Jun","Invierno"
"240621","0",24,NA,2024-06-21,"2024","06","21","Jun","Invierno"
"240622","0",11,NA,2024-06-22,"2024","06","22","Jun","Invierno"
"240623","0",19,NA,2024-06-23,"2024","06","23","Jun","Invierno"
"240624","0",38,NA,2024-06-24,"2024","06","24","Jun","Invierno"
"240625","0",61,NA,2024-06-25,"2024","06","25","Jun","Invierno"
"240626","0",143,NA,2024-06-26,"2024","06","26","Jun","Invierno"
"240627","0",107,NA,2024-06-27,"2024","06","27","Jun","Invierno"
"240628","0",97,NA,2024-06-28,"2024","06","28","Jun","Invierno"
"240629","0",164,NA,2024-06-29,"2024","06","29","Jun","Invierno"
"240630","0",133,NA,2024-06-30,"2024","06","30","Jun","Invierno"
"240701","0",118,NA,2024-07-01,"2024","07","01","Jul","Invierno"
"240702","0",107,NA,2024-07-02,"2024","07","02","Jul","Invierno"
"240703","0",98,NA,2024-07-03,"2024","07","03","Jul","Invierno"
"240704","0",78,NA,2024-07-04,"2024","07","04","Jul","Invierno"
"240705","0",127,NA,2024-07-05,"2024","07","05","Jul","Invierno"
"240706","0",114,NA,2024-07-06,"2024","07","06","Jul","Invierno"
"240707","0",103,NA,2024-07-07,"2024","07","07","Jul","Invierno"
"240708","0",143,NA,2024-07-08,"2024","07","08","Jul","Invierno"
"240709","0",114,NA,2024-07-09,"2024","07","09","Jul","Invierno"
"240710","0",75,NA,2024-07-10,"2024","07","10","Jul","Invierno"
"240711","0",136,NA,2024-07-11,"2024","07","11","Jul","Invierno"
"240712","0",134,NA,2024-07-12,"2024","07","12","Jul","Invierno"
"240713","0",194,NA,2024-07-13,"2024","07","13","Jul","Invierno"
"240714","0",155,NA,2024-07-14,"2024","07","14","Jul","Invierno"
"240715","0",165,NA,2024-07-15,"2024","07","15","Jul","Invierno"
"240716","0",148,NA,2024-07-16,"2024","07","16","Jul","Invierno"
"240717","0",127,NA,2024-07-17,"2024","07","17","Jul","Invierno"
"240718","0",103,NA,2024-07-18,"2024","07","18","Jul","Invierno"
"240719","0",95,NA,2024-07-19,"2024","07","19","Jul","Invierno"
"240720","0",115,NA,2024-07-20,"2024","07","20","Jul","Invierno"
"240721","0",65,NA,2024-07-21,"2024","07","21","Jul","Invierno"
"240722","0",105,NA,2024-07-22,"2024","07","22","Jul","Invierno"
"240723","0",73,NA,2024-07-23,"2024","07","23","Jul","Invierno"
"240724","0",128,NA,2024-07-24,"2024","07","24","Jul","Invierno"
"240725","0",110,NA,2024-07-25,"2024","07","25","Jul","Invierno"
"240726","0",120,NA,2024-07-26,"2024","07","26","Jul","Invierno"
"240727","0",70,NA,2024-07-27,"2024","07","27","Jul","Invierno"
"240728","0",111,NA,2024-07-28,"2024","07","28","Jul","Invierno"
"240729","0",138,NA,2024-07-29,"2024","07","29","Jul","Invierno"
"240730","0",154,NA,2024-07-30,"2024","07","30","Jul","Invierno"
"240731","0",112,NA,2024-07-31,"2024","07","31","Jul","Invierno"
"240801","0",73,NA,2024-08-01,"2024","08","01","Ago","Invierno"
"240804","0",71,NA,2024-08-04,"2024","08","04","Ago","Invierno"
"240805","0",48,NA,2024-08-05,"2024","08","05","Ago","Invierno"
"240806","0",16,NA,2024-08-06,"2024","08","06","Ago","Invierno"
"240807","0",47,NA,2024-08-07,"2024","08","07","Ago","Invierno"
"240808","0",110,NA,2024-08-08,"2024","08","08","Ago","Invierno"
"240809","0",120,NA,2024-08-09,"2024","08","09","Ago","Invierno"
"240810","0",109,NA,2024-08-10,"2024","08","10","Ago","Invierno"
"240811","0",95,NA,2024-08-11,"2024","08","11","Ago","Invierno"
"240812","0",117,NA,2024-08-12,"2024","08","12","Ago","Invierno"
"240813","0",86,NA,2024-08-13,"2024","08","13","Ago","Invierno"
"240814","0",98,NA,2024-08-14,"2024","08","14","Ago","Invierno"
"240815","0",76,NA,2024-08-15,"2024","08","15","Ago","Invierno"
"240816","0",72,NA,2024-08-16,"2024","08","16","Ago","Invierno"
"240817","0",56,NA,2024-08-17,"2024","08","17","Ago","Invierno"
"240818","0",48,NA,2024-08-18,"2024","08","18","Ago","Invierno"
"240819","0",55,NA,2024-08-19,"2024","08","19","Ago","Invierno"
"240820","0",46,NA,2024-08-20,"2024","08","20","Ago","Invierno"
"240821","0",62,NA,2024-08-21,"2024","08","21","Ago","Invierno"
"240823","0",47,NA,2024-08-23,"2024","08","23","Ago","Invierno"
"240824","0",97,NA,2024-08-24,"2024","08","24","Ago","Invierno"
"240825","0",68,NA,2024-08-25,"2024","08","25","Ago","Invierno"
"240826","0",73,NA,2024-08-26,"2024","08","26","Ago","Invierno"
"240827","0",90,NA,2024-08-27,"2024","08","27","Ago","Invierno"
"240828","0",64,NA,2024-08-28,"2024","08","28","Ago","Invierno"
"240829","0",34,NA,2024-08-29,"2024","08","29","Ago","Invierno"
"240830","0",45,NA,2024-08-30,"2024","08","30","Ago","Invierno"
"240831","0",105,NA,2024-08-31,"2024","08","31","Ago","Invierno"
"240901","0",73,NA,2024-09-01,"2024","09","01","Sep","Primavera"
"240902","0",39,NA,2024-09-02,"2024","09","02","Sep","Primavera"
"240903","0",53,NA,2024-09-03,"2024","09","03","Sep","Primavera"
"240904","0",89,NA,2024-09-04,"2024","09","04","Sep","Primavera"
"240905","0",94,NA,2024-09-05,"2024","09","05","Sep","Primavera"
"240906","0",60,NA,2024-09-06,"2024","09","06","Sep","Primavera"
"240907","0",44,NA,2024-09-07,"2024","09","07","Sep","Primavera"
"240908","0",55,NA,2024-09-08,"2024","09","08","Sep","Primavera"
"240909","0",66,NA,2024-09-09,"2024","09","09","Sep","Primavera"
"240910","0",57,NA,2024-09-10,"2024","09","10","Sep","Primavera"
"240911","0",47,NA,2024-09-11,"2024","09","11","Sep","Primavera"
"240912","0",68,NA,2024-09-12,"2024","09","12","Sep","Primavera"
"240913","0",56,NA,2024-09-13,"2024","09","13","Sep","Primavera"
"240914","0",71,NA,2024-09-14,"2024","09","14","Sep","Primavera"
"240915","0",62,NA,2024-09-15,"2024","09","15","Sep","Primavera"
"240916","0",75,NA,2024-09-16,"2024","09","16","Sep","Primavera"
"240917","0",61,NA,2024-09-17,"2024","09","17","Sep","Primavera"
"240918","0",81,NA,2024-09-18,"2024","09","18","Sep","Primavera"
"240919","0",23,NA,2024-09-19,"2024","09","19","Sep","Primavera"
"240920","0",43,NA,2024-09-20,"2024","09","20","Sep","Primavera"
"240921","0",21,NA,2024-09-21,"2024","09","21","Sep","Primavera"
"240922","0",27,NA,2024-09-22,"2024","09","22","Sep","Primavera"
"240923","0",24,NA,2024-09-23,"2024","09","23","Sep","Primavera"
"240924","0",37,NA,2024-09-24,"2024","09","24","Sep","Primavera"
"240925","0",46,NA,2024-09-25,"2024","09","25","Sep","Primavera"
"240926","0",71,NA,2024-09-26,"2024","09","26","Sep","Primavera"
"240927","0",80,NA,2024-09-27,"2024","09","27","Sep","Primavera"
"240928","0",59,NA,2024-09-28,"2024","09","28","Sep","Primavera"
"240929","0",48,NA,2024-09-29,"2024","09","29","Sep","Primavera"
"240930","0",39,NA,2024-09-30,"2024","09","30","Sep","Primavera"
"241001","0",36,NA,2024-10-01,"2024","10","01","Oct","Primavera"
"241002","0",47,NA,2024-10-02,"2024","10","02","Oct","Primavera"
"241003","0",78,NA,2024-10-03,"2024","10","03","Oct","Primavera"
"241004","0",80,NA,2024-10-04,"2024","10","04","Oct","Primavera"
"241005","0",56,NA,2024-10-05,"2024","10","05","Oct","Primavera"
"241006","0",47,NA,2024-10-06,"2024","10","06","Oct","Primavera"
"241007","0",36,NA,2024-10-07,"2024","10","07","Oct","Primavera"
"241008","0",15,NA,2024-10-08,"2024","10","08","Oct","Primavera"
"241009","0",39,NA,2024-10-09,"2024","10","09","Oct","Primavera"
"241010","0",54,NA,2024-10-10,"2024","10","10","Oct","Primavera"
"241011","0",34,NA,2024-10-11,"2024","10","11","Oct","Primavera"
"241012","0",42,NA,2024-10-12,"2024","10","12","Oct","Primavera"
"241013","0",39,NA,2024-10-13,"2024","10","13","Oct","Primavera"
"241014","0",50,NA,2024-10-14,"2024","10","14","Oct","Primavera"
"241015","0",72,NA,2024-10-15,"2024","10","15","Oct","Primavera"
"241016","0",57,NA,2024-10-16,"2024","10","16","Oct","Primavera"
"241017","0",57,NA,2024-10-17,"2024","10","17","Oct","Primavera"
"241018","0",65,NA,2024-10-18,"2024","10","18","Oct","Primavera"
"241019","0",57,NA,2024-10-19,"2024","10","19","Oct","Primavera"
"241020","0",15,NA,2024-10-20,"2024","10","20","Oct","Primavera"
"241021","0",35,NA,2024-10-21,"2024","10","21","Oct","Primavera"
"241022","0",60,NA,2024-10-22,"2024","10","22","Oct","Primavera"
"241023","0",25,NA,2024-10-23,"2024","10","23","Oct","Primavera"
"241024","0",45,NA,2024-10-24,"2024","10","24","Oct","Primavera"
"241025","0",43,NA,2024-10-25,"2024","10","25","Oct","Primavera"
"241026","0",52,NA,2024-10-26,"2024","10","26","Oct","Primavera"
"241027","0",43,NA,2024-10-27,"2024","10","27","Oct","Primavera"
"241028","0",68,NA,2024-10-28,"2024","10","28","Oct","Primavera"
"241029","0",57,NA,2024-10-29,"2024","10","29","Oct","Primavera"
"241030","0",51,NA,2024-10-30,"2024","10","30","Oct","Primavera"
"241031","0",41,NA,2024-10-31,"2024","10","31","Oct","Primavera"
"241101","0",19,NA,2024-11-01,"2024","11","01","Nov","Primavera"
"241102","0",25,NA,2024-11-02,"2024","11","02","Nov","Primavera"
"241103","0",28,NA,2024-11-03,"2024","11","03","Nov","Primavera"
"241104","0",45,NA,2024-11-04,"2024","11","04","Nov","Primavera"
"241105","0",54,NA,2024-11-05,"2024","11","05","Nov","Primavera"
"241106","0",55,NA,2024-11-06,"2024","11","06","Nov","Primavera"
"241107","0",60,NA,2024-11-07,"2024","11","07","Nov","Primavera"
"241108","0",65,NA,2024-11-08,"2024","11","08","Nov","Primavera"
"241109","0",52,NA,2024-11-09,"2024","11","09","Nov","Primavera"
"241110","0",20,NA,2024-11-10,"2024","11","10","Nov","Primavera"
"241111","0",43,NA,2024-11-11,"2024","11","11","Nov","Primavera"
"241112","0",60,NA,2024-11-12,"2024","11","12","Nov","Primavera"
"241113","0",78,NA,2024-11-13,"2024","11","13","Nov","Primavera"
"241114","0",66,NA,2024-11-14,"2024","11","14","Nov","Primavera"
"241115","0",49,NA,2024-11-15,"2024","11","15","Nov","Primavera"
"241116","0",44,NA,2024-11-16,"2024","11","16","Nov","Primavera"
"241117","0",35,NA,2024-11-17,"2024","11","17","Nov","Primavera"
"241118","0",58,NA,2024-11-18,"2024","11","18","Nov","Primavera"
"241119","0",53,NA,2024-11-19,"2024","11","19","Nov","Primavera"
"241120","0",57,NA,2024-11-20,"2024","11","20","Nov","Primavera"
"241121","0",65,NA,2024-11-21,"2024","11","21","Nov","Primavera"
"241122","0",45,NA,2024-11-22,"2024","11","22","Nov","Primavera"
"241123","0",39,NA,2024-11-23,"2024","11","23","Nov","Primavera"
"241124","0",28,NA,2024-11-24,"2024","11","24","Nov","Primavera"
"241125","0",45,NA,2024-11-25,"2024","11","25","Nov","Primavera"
"241126","0",46,NA,2024-11-26,"2024","11","26","Nov","Primavera"
"241127","0",52,NA,2024-11-27,"2024","11","27","Nov","Primavera"
"241128","0",49,NA,2024-11-28,"2024","11","28","Nov","Primavera"
"241129","0",56,NA,2024-11-29,"2024","11","29","Nov","Primavera"
"241130","0",54,NA,2024-11-30,"2024","11","30","Nov","Primavera"
"241201","0",25,NA,2024-12-01,"2024","12","01","Dic","Verano"
"241202","0",45,NA,2024-12-02,"2024","12","02","Dic","Verano"
"241203","0",62,NA,2024-12-03,"2024","12","03","Dic","Verano"
"241204","0",63,NA,2024-12-04,"2024","12","04","Dic","Verano"
"241205","0",34,NA,2024-12-05,"2024","12","05","Dic","Verano"
"241206","0",45,NA,2024-12-06,"2024","12","06","Dic","Verano"
"241207","0",47,NA,2024-12-07,"2024","12","07","Dic","Verano"
"241208","0",30,NA,2024-12-08,"2024","12","08","Dic","Verano"
"241209","0",54,NA,2024-12-09,"2024","12","09","Dic","Verano"
"241210","0",74,NA,2024-12-10,"2024","12","10","Dic","Verano"
"241211","0",64,NA,2024-12-11,"2024","12","11","Dic","Verano"
"241212","0",51,NA,2024-12-12,"2024","12","12","Dic","Verano"
"241213","0",67,NA,2024-12-13,"2024","12","13","Dic","Verano"
"241214","0",60,NA,2024-12-14,"2024","12","14","Dic","Verano"
"241215","0",48,NA,2024-12-15,"2024","12","15","Dic","Verano"
"241216","0",59,NA,2024-12-16,"2024","12","16","Dic","Verano"
"241217","0",57,NA,2024-12-17,"2024","12","17","Dic","Verano"
"241218","0",52,NA,2024-12-18,"2024","12","18","Dic","Verano"
"241219","0",73,NA,2024-12-19,"2024","12","19","Dic","Verano"
"241220","0",82,NA,2024-12-20,"2024","12","20","Dic","Verano"
"241221","0",54,NA,2024-12-21,"2024","12","21","Dic","Verano"
"241222","0",57,NA,2024-12-22,"2024","12","22","Dic","Verano"
"241223","0",74,NA,2024-12-23,"2024","12","23","Dic","Verano"
"241224","0",56,NA,2024-12-24,"2024","12","24","Dic","Verano"
"241225","0",40,NA,2024-12-25,"2024","12","25","Dic","Verano"
"241226","0",45,NA,2024-12-26,"2024","12","26","Dic","Verano"
"241227","0",49,NA,2024-12-27,"2024","12","27","Dic","Verano"
"241228","0",41,NA,2024-12-28,"2024","12","28","Dic","Verano"
"241229","0",42,NA,2024-12-29,"2024","12","29","Dic","Verano"
"241230","0",57,NA,2024-12-30,"2024","12","30","Dic","Verano"
"241231","0",47,NA,2024-12-31,"2024","12","31","Dic","Verano"
"250101","0",43,NA,2025-01-01,"2025","01","01","Ene","Verano"
"250102","0",50,NA,2025-01-02,"2025","01","02","Ene","Verano"
"250103","0",71,NA,2025-01-03,"2025","01","03","Ene","Verano"
"250104","0",48,NA,2025-01-04,"2025","01","04","Ene","Verano"
"250105","0",46,NA,2025-01-05,"2025","01","05","Ene","Verano"
"250106","0",59,NA,2025-01-06,"2025","01","06","Ene","Verano"
"250107","0",39,NA,2025-01-07,"2025","01","07","Ene","Verano"
"250108","0",52,NA,2025-01-08,"2025","01","08","Ene","Verano"
"250109","0",56,NA,2025-01-09,"2025","01","09","Ene","Verano"
"250110","0",62,NA,2025-01-10,"2025","01","10","Ene","Verano"
"250111","0",54,NA,2025-01-11,"2025","01","11","Ene","Verano"
"250112","0",47,NA,2025-01-12,"2025","01","12","Ene","Verano"
"250113","0",46,NA,2025-01-13,"2025","01","13","Ene","Verano"
"250114","0",56,NA,2025-01-14,"2025","01","14","Ene","Verano"
"250115","0",56,NA,2025-01-15,"2025","01","15","Ene","Verano"
"250116","0",39,NA,2025-01-16,"2025","01","16","Ene","Verano"
"250117","0",55,NA,2025-01-17,"2025","01","17","Ene","Verano"
"250118","0",41,NA,2025-01-18,"2025","01","18","Ene","Verano"
"250119","0",35,NA,2025-01-19,"2025","01","19","Ene","Verano"
"250120","0",66,NA,2025-01-20,"2025","01","20","Ene","Verano"
"250121","0",63,NA,2025-01-21,"2025","01","21","Ene","Verano"
"250122","0",51,NA,2025-01-22,"2025","01","22","Ene","Verano"
"250123","0",51,NA,2025-01-23,"2025","01","23","Ene","Verano"
"250124","0",51,NA,2025-01-24,"2025","01","24","Ene","Verano"
"250125","0",61,NA,2025-01-25,"2025","01","25","Ene","Verano"
"250126","0",56,NA,2025-01-26,"2025","01","26","Ene","Verano"
"250127","0",59,NA,2025-01-27,"2025","01","27","Ene","Verano"
"250128","0",61,NA,2025-01-28,"2025","01","28","Ene","Verano"
"250130","0",66,NA,2025-01-30,"2025","01","30","Ene","Verano"
"250131","0",62,NA,2025-01-31,"2025","01","31","Ene","Verano"
"250201","0",44,NA,2025-02-01,"2025","02","01","Feb","Verano"
"250202","0",43,NA,2025-02-02,"2025","02","02","Feb","Verano"
"250203","0",51,NA,2025-02-03,"2025","02","03","Feb","Verano"
"250204","0",48,NA,2025-02-04,"2025","02","04","Feb","Verano"
"250205","0",57,NA,2025-02-05,"2025","02","05","Feb","Verano"
"250206","0",56,NA,2025-02-06,"2025","02","06","Feb","Verano"
"250207","0",71,NA,2025-02-07,"2025","02","07","Feb","Verano"
"250208","0",65,NA,2025-02-08,"2025","02","08","Feb","Verano"
"250209","0",79,NA,2025-02-09,"2025","02","09","Feb","Verano"
"250210","0",57,NA,2025-02-10,"2025","02","10","Feb","Verano"
"250211","0",61,NA,2025-02-11,"2025","02","11","Feb","Verano"
"250212","0",73,NA,2025-02-12,"2025","02","12","Feb","Verano"
"250213","0",80,NA,2025-02-13,"2025","02","13","Feb","Verano"
"250214","0",70,NA,2025-02-14,"2025","02","14","Feb","Verano"
"250215","0",44,NA,2025-02-15,"2025","02","15","Feb","Verano"
"250216","0",38,NA,2025-02-16,"2025","02","16","Feb","Verano"
"250217","0",57,NA,2025-02-17,"2025","02","17","Feb","Verano"
"250218","0",63,NA,2025-02-18,"2025","02","18","Feb","Verano"
"250219","0",61,NA,2025-02-19,"2025","02","19","Feb","Verano"
"250220","0",63,NA,2025-02-20,"2025","02","20","Feb","Verano"
"250221","0",65,NA,2025-02-21,"2025","02","21","Feb","Verano"
"250222","0",60,NA,2025-02-22,"2025","02","22","Feb","Verano"
"250223","0",45,NA,2025-02-23,"2025","02","23","Feb","Verano"
"250224","0",55,NA,2025-02-24,"2025","02","24","Feb","Verano"
"250225","0",71,NA,2025-02-25,"2025","02","25","Feb","Verano"
"250226","0",76,NA,2025-02-26,"2025","02","26","Feb","Verano"
"250227","0",84,NA,2025-02-27,"2025","02","27","Feb","Verano"
"250228","0",50,NA,2025-02-28,"2025","02","28","Feb","Verano"
"250301","0",37,NA,2025-03-01,"2025","03","01","Mar","Otoño"
"250302","0",27,NA,2025-03-02,"2025","03","02","Mar","Otoño"
"250303","0",43,NA,2025-03-03,"2025","03","03","Mar","Otoño"
"250304","0",59,NA,2025-03-04,"2025","03","04","Mar","Otoño"
"250305","0",59,NA,2025-03-05,"2025","03","05","Mar","Otoño"
"250306","0",57,NA,2025-03-06,"2025","03","06","Mar","Otoño"
"250307","0",43,NA,2025-03-07,"2025","03","07","Mar","Otoño"
"250308","0",44,NA,2025-03-08,"2025","03","08","Mar","Otoño"
"250309","0",47,NA,2025-03-09,"2025","03","09","Mar","Otoño"
"250310","0",81,NA,2025-03-10,"2025","03","10","Mar","Otoño"
"250311","0",67,NA,2025-03-11,"2025","03","11","Mar","Otoño"
"250312","0",89,NA,2025-03-12,"2025","03","12","Mar","Otoño"
"250313","0",81,NA,2025-03-13,"2025","03","13","Mar","Otoño"
"250314","0",60,NA,2025-03-14,"2025","03","14","Mar","Otoño"
"250315","0",44,NA,2025-03-15,"2025","03","15","Mar","Otoño"
"250316","0",42,NA,2025-03-16,"2025","03","16","Mar","Otoño"
"250317","0",77,NA,2025-03-17,"2025","03","17","Mar","Otoño"
"250318","0",93,NA,2025-03-18,"2025","03","18","Mar","Otoño"
"250319","0",89,NA,2025-03-19,"2025","03","19","Mar","Otoño"
"250320","0",69,NA,2025-03-20,"2025","03","20","Mar","Otoño"
"250321","0",81,NA,2025-03-21,"2025","03","21","Mar","Otoño"
"250322","0",65,NA,2025-03-22,"2025","03","22","Mar","Otoño"
"250323","0",60,NA,2025-03-23,"2025","03","23","Mar","Otoño"
"250324","0",72,NA,2025-03-24,"2025","03","24","Mar","Otoño"
"250325","0",68,NA,2025-03-25,"2025","03","25","Mar","Otoño"
"250326","0",80,NA,2025-03-26,"2025","03","26","Mar","Otoño"
"250327","0",64,NA,2025-03-27,"2025","03","27","Mar","Otoño"
"250328","0",78,NA,2025-03-28,"2025","03","28","Mar","Otoño"
"250330","0",20,NA,2025-03-30,"2025","03","30","Mar","Otoño"
"250331","0",52,NA,2025-03-31,"2025","03","31","Mar","Otoño"
"250401","0",76,NA,2025-04-01,"2025","04","01","Abr","Otoño"
"250402","0",94,NA,2025-04-02,"2025","04","02","Abr","Otoño"
"250403","0",86,NA,2025-04-03,"2025","04","03","Abr","Otoño"
"250404","0",80,NA,2025-04-04,"2025","04","04","Abr","Otoño"
"250405","0",34,NA,2025-04-05,"2025","04","05","Abr","Otoño"
"250406","0",34,NA,2025-04-06,"2025","04","06","Abr","Otoño"
"250407","0",76,NA,2025-04-07,"2025","04","07","Abr","Otoño"
"250408","0",93,NA,2025-04-08,"2025","04","08","Abr","Otoño"
"250409","0",61,NA,2025-04-09,"2025","04","09","Abr","Otoño"
"250410","0",53,NA,2025-04-10,"2025","04","10","Abr","Otoño"
"250411","0",54,NA,2025-04-11,"2025","04","11","Abr","Otoño"
"250412","0",78,NA,2025-04-12,"2025","04","12","Abr","Otoño"
"250413","0",77,NA,2025-04-13,"2025","04","13","Abr","Otoño"
"250414","0",62,NA,2025-04-14,"2025","04","14","Abr","Otoño"
"250415","0",72,NA,2025-04-15,"2025","04","15","Abr","Otoño"
"250416","0",78,NA,2025-04-16,"2025","04","16","Abr","Otoño"
"250417","0",91,NA,2025-04-17,"2025","04","17","Abr","Otoño"
"250418","0",85,NA,2025-04-18,"2025","04","18","Abr","Otoño"
"250419","0",72,NA,2025-04-19,"2025","04","19","Abr","Otoño"
"250420","0",67,NA,2025-04-20,"2025","04","20","Abr","Otoño"
"250421","0",104,NA,2025-04-21,"2025","04","21","Abr","Otoño"
"250422","0",104,NA,2025-04-22,"2025","04","22","Abr","Otoño"
"250423","0",84,NA,2025-04-23,"2025","04","23","Abr","Otoño"
"250424","0",42,NA,2025-04-24,"2025","04","24","Abr","Otoño"
"250425","0",48,NA,2025-04-25,"2025","04","25","Abr","Otoño"
"250426","0",43,NA,2025-04-26,"2025","04","26","Abr","Otoño"
"250427","0",62,NA,2025-04-27,"2025","04","27","Abr","Otoño"
"250428","0",79,NA,2025-04-28,"2025","04","28","Abr","Otoño"
"250429","0",71,NA,2025-04-29,"2025","04","29","Abr","Otoño"
"250430","0",56,NA,2025-04-30,"2025","04","30","Abr","Otoño"
"250501","0",71,NA,2025-05-01,"2025","05","01","May","Otoño"
"250502","0",110,NA,2025-05-02,"2025","05","02","May","Otoño"
"250503","0",108,NA,2025-05-03,"2025","05","03","May","Otoño"
"250504","0",74,NA,2025-05-04,"2025","05","04","May","Otoño"
"250505","0",89,NA,2025-05-05,"2025","05","05","May","Otoño"
"250506","0",122,NA,2025-05-06,"2025","05","06","May","Otoño"
"250507","0",103,NA,2025-05-07,"2025","05","07","May","Otoño"
"250508","0",29,NA,2025-05-08,"2025","05","08","May","Otoño"
"250509","0",75,NA,2025-05-09,"2025","05","09","May","Otoño"
"250510","0",134,NA,2025-05-10,"2025","05","10","May","Otoño"
"250511","0",76,NA,2025-05-11,"2025","05","11","May","Otoño"
"250512","0",102,NA,2025-05-12,"2025","05","12","May","Otoño"
"250513","0",95,NA,2025-05-13,"2025","05","13","May","Otoño"
"250514","0",93,NA,2025-05-14,"2025","05","14","May","Otoño"
"250515","0",124,NA,2025-05-15,"2025","05","15","May","Otoño"
"250516","0",111,NA,2025-05-16,"2025","05","16","May","Otoño"
"250517","0",65,NA,2025-05-17,"2025","05","17","May","Otoño"
"250518","0",70,NA,2025-05-18,"2025","05","18","May","Otoño"
"250519","0",51,NA,2025-05-19,"2025","05","19","May","Otoño"
"250520","0",102,NA,2025-05-20,"2025","05","20","May","Otoño"
"250521","0",76,NA,2025-05-21,"2025","05","21","May","Otoño"
"250522","0",141,NA,2025-05-22,"2025","05","22","May","Otoño"
"250523","0",138,NA,2025-05-23,"2025","05","23","May","Otoño"
"250524","0",125,NA,2025-05-24,"2025","05","24","May","Otoño"
"250525","0",82,NA,2025-05-25,"2025","05","25","May","Otoño"
"250526","0",31,NA,2025-05-26,"2025","05","26","May","Otoño"
"250527","0",33,NA,2025-05-27,"2025","05","27","May","Otoño"
"250528","0",134,NA,2025-05-28,"2025","05","28","May","Otoño"
"250529","0",119,NA,2025-05-29,"2025","05","29","May","Otoño"
"250530","0",91,NA,2025-05-30,"2025","05","30","May","Otoño"
"250531","0",112,NA,2025-05-31,"2025","05","31","May","Otoño"
"250601","0",112,NA,2025-06-01,"2025","06","01","Jun","Invierno"
"250602","0",145,NA,2025-06-02,"2025","06","02","Jun","Invierno"
"250603","0",194,NA,2025-06-03,"2025","06","03","Jun","Invierno"
"250604","0",151,NA,2025-06-04,"2025","06","04","Jun","Invierno"
"250605","0",174,NA,2025-06-05,"2025","06","05","Jun","Invierno"
"250606","0",121,NA,2025-06-06,"2025","06","06","Jun","Invierno"
"250607","0",112,NA,2025-06-07,"2025","06","07","Jun","Invierno"
"250608","0",160,NA,2025-06-08,"2025","06","08","Jun","Invierno"
"250609","0",153,NA,2025-06-09,"2025","06","09","Jun","Invierno"
"250610","0",128,NA,2025-06-10,"2025","06","10","Jun","Invierno"
"250611","0",75,NA,2025-06-11,"2025","06","11","Jun","Invierno"
"250612","0",54,NA,2025-06-12,"2025","06","12","Jun","Invierno"
"250613","0",86,NA,2025-06-13,"2025","06","13","Jun","Invierno"
"250614","0",87,NA,2025-06-14,"2025","06","14","Jun","Invierno"
"250615","0",69,NA,2025-06-15,"2025","06","15","Jun","Invierno"
"250616","0",34,NA,2025-06-16,"2025","06","16","Jun","Invierno"
"250617","0",96,NA,2025-06-17,"2025","06","17","Jun","Invierno"
"250618","0",125,NA,2025-06-18,"2025","06","18","Jun","Invierno"
"250619","0",133,NA,2025-06-19,"2025","06","19","Jun","Invierno"
"250620","0",107,NA,2025-06-20,"2025","06","20","Jun","Invierno"
"250621","0",98,NA,2025-06-21,"2025","06","21","Jun","Invierno"
"250622","0",27,NA,2025-06-22,"2025","06","22","Jun","Invierno"
"250623","0",62,NA,2025-06-23,"2025","06","23","Jun","Invierno"
"250624","0",89,NA,2025-06-24,"2025","06","24","Jun","Invierno"
"250625","0",73,NA,2025-06-25,"2025","06","25","Jun","Invierno"
"250626","0",87,NA,2025-06-26,"2025","06","26","Jun","Invierno"
"250627","0",114,NA,2025-06-27,"2025","06","27","Jun","Invierno"
"250628","0",91,NA,2025-06-28,"2025","06","28","Jun","Invierno"
"250629","0",104,NA,2025-06-29,"2025","06","29","Jun","Invierno"
"250630","0",145,NA,2025-06-30,"2025","06","30","Jun","Invierno"
"250701","0",166,NA,2025-07-01,"2025","07","01","Jul","Invierno"
"250702","0",166,NA,2025-07-02,"2025","07","02","Jul","Invierno"
"250703","0",153,NA,2025-07-03,"2025","07","03","Jul","Invierno"
"250704","0",109,NA,2025-07-04,"2025","07","04","Jul","Invierno"
"250705","0",58,NA,2025-07-05,"2025","07","05","Jul","Invierno"
"250706","0",50,NA,2025-07-06,"2025","07","06","Jul","Invierno"
"250707","0",93,NA,2025-07-07,"2025","07","07","Jul","Invierno"
"250708","0",97,NA,2025-07-08,"2025","07","08","Jul","Invierno"
"250709","0",62,NA,2025-07-09,"2025","07","09","Jul","Invierno"
"250710","0",121,NA,2025-07-10,"2025","07","10","Jul","Invierno"
"250711","0",176,NA,2025-07-11,"2025","07","11","Jul","Invierno"
"250712","0",171,NA,2025-07-12,"2025","07","12","Jul","Invierno"
"250713","0",102,NA,2025-07-13,"2025","07","13","Jul","Invierno"
"250714","0",103,NA,2025-07-14,"2025","07","14","Jul","Invierno"
"250715","0",131,NA,2025-07-15,"2025","07","15","Jul","Invierno"
"250716","0",105,NA,2025-07-16,"2025","07","16","Jul","Invierno"
"250717","0",164,NA,2025-07-17,"2025","07","17","Jul","Invierno"
"250718","0",151,NA,2025-07-18,"2025","07","18","Jul","Invierno"
"250719","0",120,NA,2025-07-19,"2025","07","19","Jul","Invierno"
"250720","0",112,NA,2025-07-20,"2025","07","20","Jul","Invierno"
"250721","0",145,NA,2025-07-21,"2025","07","21","Jul","Invierno"
"250722","0",156,NA,2025-07-22,"2025","07","22","Jul","Invierno"
"250723","0",114,NA,2025-07-23,"2025","07","23","Jul","Invierno"
"250724","0",88,NA,2025-07-24,"2025","07","24","Jul","Invierno"
"250725","0",129,NA,2025-07-25,"2025","07","25","Jul","Invierno"
"250726","0",131,NA,2025-07-26,"2025","07","26","Jul","Invierno"
"250727","0",103,NA,2025-07-27,"2025","07","27","Jul","Invierno"
"250728","0",141,NA,2025-07-28,"2025","07","28","Jul","Invierno"
"250729","0",147,NA,2025-07-29,"2025","07","29","Jul","Invierno"
"250730","0",97,NA,2025-07-30,"2025","07","30","Jul","Invierno"
"250731","0",57,NA,2025-07-31,"2025","07","31","Jul","Invierno"
"250801","0",16,NA,2025-08-01,"2025","08","01","Ago","Invierno"
"250802","0",39,NA,2025-08-02,"2025","08","02","Ago","Invierno"
"250803","0",96,NA,2025-08-03,"2025","08","03","Ago","Invierno"
"250804","0",125,NA,2025-08-04,"2025","08","04","Ago","Invierno"
"250805","0",107,NA,2025-08-05,"2025","08","05","Ago","Invierno"
"250806","0",87,NA,2025-08-06,"2025","08","06","Ago","Invierno"
"250807","0",79,NA,2025-08-07,"2025","08","07","Ago","Invierno"
"250808","0",121,NA,2025-08-08,"2025","08","08","Ago","Invierno"
"250809","0",33,NA,2025-08-09,"2025","08","09","Ago","Invierno"
"250810","0",79,NA,2025-08-10,"2025","08","10","Ago","Invierno"
"250811","0",126,NA,2025-08-11,"2025","08","11","Ago","Invierno"
"250812","0",107,NA,2025-08-12,"2025","08","12","Ago","Invierno"
"250813","0",121,NA,2025-08-13,"2025","08","13","Ago","Invierno"
"250814","0",91,NA,2025-08-14,"2025","08","14","Ago","Invierno"
"250815","0",21,NA,2025-08-15,"2025","08","15","Ago","Invierno"
"250816","0",40,NA,2025-08-16,"2025","08","16","Ago","Invierno"
"250817","0",53,NA,2025-08-17,"2025","08","17","Ago","Invierno"
"250818","0",61,NA,2025-08-18,"2025","08","18","Ago","Invierno"
"250819","0",47,NA,2025-08-19,"2025","08","19","Ago","Invierno"
"250820","0",55,NA,2025-08-20,"2025","08","20","Ago","Invierno"
"250821","0",22,NA,2025-08-21,"2025","08","21","Ago","Invierno"
"250822","0",14,NA,2025-08-22,"2025","08","22","Ago","Invierno"
"250823","0",45,NA,2025-08-23,"2025","08","23","Ago","Invierno"
"250824","0",67,NA,2025-08-24,"2025","08","24","Ago","Invierno"
"250825","0",88,NA,2025-08-25,"2025","08","25","Ago","Invierno"
"250826","0",116,NA,2025-08-26,"2025","08","26","Ago","Invierno"
"250827","0",114,NA,2025-08-27,"2025","08","27","Ago","Invierno"
"250828","0",41,NA,2025-08-28,"2025","08","28","Ago","Invierno"
"250829","0",33,NA,2025-08-29,"2025","08","29","Ago","Invierno"
"250830","0",35,NA,2025-08-30,"2025","08","30","Ago","Invierno"
"250831","0",53,NA,2025-08-31,"2025","08","31","Ago","Invierno"
"250901","0",76,NA,2025-09-01,"2025","09","01","Sep","Primavera"
"250902","0",41,NA,2025-09-02,"2025","09","02","Sep","Primavera"
"250903","0",51,NA,2025-09-03,"2025","09","03","Sep","Primavera"
"250904","0",85,NA,2025-09-04,"2025","09","04","Sep","Primavera"
"250905","0",87,NA,2025-09-05,"2025","09","05","Sep","Primavera"
"250906","0",40,NA,2025-09-06,"2025","09","06","Sep","Primavera"
"250907","0",30,NA,2025-09-07,"2025","09","07","Sep","Primavera"
"250908","0",46,NA,2025-09-08,"2025","09","08","Sep","Primavera"
"250909","0",69,NA,2025-09-09,"2025","09","09","Sep","Primavera"
"250910","0",66,NA,2025-09-10,"2025","09","10","Sep","Primavera"
"250911","0",76,NA,2025-09-11,"2025","09","11","Sep","Primavera"
"250912","0",96,NA,2025-09-12,"2025","09","12","Sep","Primavera"
"250913","0",35,NA,2025-09-13,"2025","09","13","Sep","Primavera"
"250914","0",35,NA,2025-09-14,"2025","09","14","Sep","Primavera"
"250915","0",76,NA,2025-09-15,"2025","09","15","Sep","Primavera"
"250916","0",84,NA,2025-09-16,"2025","09","16","Sep","Primavera"
"250917","0",46,NA,2025-09-17,"2025","09","17","Sep","Primavera"
"250918","0",43,NA,2025-09-18,"2025","09","18","Sep","Primavera"
"250919","0",39,NA,2025-09-19,"2025","09","19","Sep","Primavera"
"250920","0",17,NA,2025-09-20,"2025","09","20","Sep","Primavera"
"250921","0",11,NA,2025-09-21,"2025","09","21","Sep","Primavera"
"250922","0",50,NA,2025-09-22,"2025","09","22","Sep","Primavera"
"250923","0",64,NA,2025-09-23,"2025","09","23","Sep","Primavera"
"250924","0",74,NA,2025-09-24,"2025","09","24","Sep","Primavera"
"250925","0",77,NA,2025-09-25,"2025","09","25","Sep","Primavera"
"250926","0",49,NA,2025-09-26,"2025","09","26","Sep","Primavera"
"250927","0",53,NA,2025-09-27,"2025","09","27","Sep","Primavera"
"250928","0",41,NA,2025-09-28,"2025","09","28","Sep","Primavera"
"250929","0",42,NA,2025-09-29,"2025","09","29","Sep","Primavera"
"250930","0",51,NA,2025-09-30,"2025","09","30","Sep","Primavera"
"251001","0",81,NA,2025-10-01,"2025","10","01","Oct","Primavera"
"251002","0",80,NA,2025-10-02,"2025","10","02","Oct","Primavera"
"251003","0",101,NA,2025-10-03,"2025","10","03","Oct","Primavera"
"251004","0",18,NA,2025-10-04,"2025","10","04","Oct","Primavera"
"251005","0",12,NA,2025-10-05,"2025","10","05","Oct","Primavera"
"251006","0",35,NA,2025-10-06,"2025","10","06","Oct","Primavera"
"251007","0",55,NA,2025-10-07,"2025","10","07","Oct","Primavera"
"251008","0",63,NA,2025-10-08,"2025","10","08","Oct","Primavera"
"251009","0",83,NA,2025-10-09,"2025","10","09","Oct","Primavera"
"251010","0",83,NA,2025-10-10,"2025","10","10","Oct","Primavera"
"251011","0",23,NA,2025-10-11,"2025","10","11","Oct","Primavera"
"251012","0",32,NA,2025-10-12,"2025","10","12","Oct","Primavera"
"251013","0",56,NA,2025-10-13,"2025","10","13","Oct","Primavera"
"251014","0",53,NA,2025-10-14,"2025","10","14","Oct","Primavera"
"251015","0",49,NA,2025-10-15,"2025","10","15","Oct","Primavera"
"251016","0",63,NA,2025-10-16,"2025","10","16","Oct","Primavera"
"251017","0",72,NA,2025-10-17,"2025","10","17","Oct","Primavera"
"251018","0",71,NA,2025-10-18,"2025","10","18","Oct","Primavera"
"251019","0",56,NA,2025-10-19,"2025","10","19","Oct","Primavera"
"251020","0",58,NA,2025-10-20,"2025","10","20","Oct","Primavera"
"251021","0",64,NA,2025-10-21,"2025","10","21","Oct","Primavera"
"251022","0",66,NA,2025-10-22,"2025","10","22","Oct","Primavera"
"251023","0",58,NA,2025-10-23,"2025","10","23","Oct","Primavera"
"251024","0",56,NA,2025-10-24,"2025","10","24","Oct","Primavera"
"251025","0",40,NA,2025-10-25,"2025","10","25","Oct","Primavera"
"251026","0",44,NA,2025-10-26,"2025","10","26","Oct","Primavera"
"251027","0",50,NA,2025-10-27,"2025","10","27","Oct","Primavera"
"251028","0",66,NA,2025-10-28,"2025","10","28","Oct","Primavera"
"251029","0",71,NA,2025-10-29,"2025","10","29","Oct","Primavera"
"251030","0",64,NA,2025-10-30,"2025","10","30","Oct","Primavera"
"251031","0",54,NA,2025-10-31,"2025","10","31","Oct","Primavera"
"251101","0",27,NA,2025-11-01,"2025","11","01","Nov","Primavera"
"251102","0",40,NA,2025-11-02,"2025","11","02","Nov","Primavera"
"251103","0",42,NA,2025-11-03,"2025","11","03","Nov","Primavera"
"251104","0",43,NA,2025-11-04,"2025","11","04","Nov","Primavera"
"251105","0",59,NA,2025-11-05,"2025","11","05","Nov","Primavera"
"251106","0",34,NA,2025-11-06,"2025","11","06","Nov","Primavera"
"251107","0",29,NA,2025-11-07,"2025","11","07","Nov","Primavera"
"251108","0",51,NA,2025-11-08,"2025","11","08","Nov","Primavera"
"251109","0",29,NA,2025-11-09,"2025","11","09","Nov","Primavera"
"251110","0",47,NA,2025-11-10,"2025","11","10","Nov","Primavera"
"251111","0",46,NA,2025-11-11,"2025","11","11","Nov","Primavera"
"251112","0",54,NA,2025-11-12,"2025","11","12","Nov","Primavera"
"251113","0",75,NA,2025-11-13,"2025","11","13","Nov","Primavera"
"251114","0",62,NA,2025-11-14,"2025","11","14","Nov","Primavera"
"251115","0",41,NA,2025-11-15,"2025","11","15","Nov","Primavera"
"251116","0",34,NA,2025-11-16,"2025","11","16","Nov","Primavera"
"251117","0",61,NA,2025-11-17,"2025","11","17","Nov","Primavera"
"251118","0",84,NA,2025-11-18,"2025","11","18","Nov","Primavera"
"251119","0",73,NA,2025-11-19,"2025","11","19","Nov","Primavera"
"251120","0",69,NA,2025-11-20,"2025","11","20","Nov","Primavera"
"251121","0",71,NA,2025-11-21,"2025","11","21","Nov","Primavera"
"251122","0",61,NA,2025-11-22,"2025","11","22","Nov","Primavera"
"251123","0",50,NA,2025-11-23,"2025","11","23","Nov","Primavera"
"251124","0",52,NA,2025-11-24,"2025","11","24","Nov","Primavera"
"251125","0",63,NA,2025-11-25,"2025","11","25","Nov","Primavera"
"251126","0",49,NA,2025-11-26,"2025","11","26","Nov","Primavera"
"251127","0",71,NA,2025-11-27,"2025","11","27","Nov","Primavera"
"251128","0",58,NA,2025-11-28,"2025","11","28","Nov","Primavera"
"251129","0",32,NA,2025-11-29,"2025","11","29","Nov","Primavera"
"251130","0",32,NA,2025-11-30,"2025","11","30","Nov","Primavera"
"251201","0",61,NA,2025-12-01,"2025","12","01","Dic","Verano"
"251202","0",52,NA,2025-12-02,"2025","12","02","Dic","Verano"
"251203","0",73,NA,2025-12-03,"2025","12","03","Dic","Verano"
"251204","0",61,NA,2025-12-04,"2025","12","04","Dic","Verano"
"251205","0",61,NA,2025-12-05,"2025","12","05","Dic","Verano"
"251206","0",56,NA,2025-12-06,"2025","12","06","Dic","Verano"
"251207","0",28,NA,2025-12-07,"2025","12","07","Dic","Verano"
"251208","0",35,NA,2025-12-08,"2025","12","08","Dic","Verano"
"251209","0",51,NA,2025-12-09,"2025","12","09","Dic","Verano"
"251210","0",47,NA,2025-12-10,"2025","12","10","Dic","Verano"
"251211","0",42,NA,2025-12-11,"2025","12","11","Dic","Verano"
"251212","0",58,NA,2025-12-12,"2025","12","12","Dic","Verano"
"251213","0",45,NA,2025-12-13,"2025","12","13","Dic","Verano"
"251214","0",28,NA,2025-12-14,"2025","12","14","Dic","Verano"
"251215","0",55,NA,2025-12-15,"2025","12","15","Dic","Verano"
"251216","0",89,NA,2025-12-16,"2025","12","16","Dic","Verano"
"251217","0",119,NA,2025-12-17,"2025","12","17","Dic","Verano"
"251218","0",67,NA,2025-12-18,"2025","12","18","Dic","Verano"
"251219","0",70,NA,2025-12-19,"2025","12","19","Dic","Verano"
"251220","0",34,NA,2025-12-20,"2025","12","20","Dic","Verano"
"251221","0",27,NA,2025-12-21,"2025","12","21","Dic","Verano"
"251222","0",44,NA,2025-12-22,"2025","12","22","Dic","Verano"
"251223","0",65,NA,2025-12-23,"2025","12","23","Dic","Verano"
"251224","0",59,NA,2025-12-24,"2025","12","24","Dic","Verano"
"251225","0",50,NA,2025-12-25,"2025","12","25","Dic","Verano"
"251226","0",52,NA,2025-12-26,"2025","12","26","Dic","Verano"
"251227","0",51,NA,2025-12-27,"2025","12","27","Dic","Verano"
"251228","0",46,NA,2025-12-28,"2025","12","28","Dic","Verano"
"251229","0",67,NA,2025-12-29,"2025","12","29","Dic","Verano"
"251230","0",78,NA,2025-12-30,"2025","12","30","Dic","Verano"
"251231","0",64,NA,2025-12-31,"2025","12","31","Dic","Verano"
